,,,#NAME?,,,,,,,,,,,,,,,,,,,,,,,,,,,,,,,,,,,,,,,,,,,,,,,,,,,,,,,,,,,,,,,,,,,,,,,,,,,,,,,,,,,,,,,,,,,,,,,,,,,,,,,,,,,,,,,,,,,,,,,,,,,,,,,,,,,,,,,,,,,,,,,,,,,,,,,,,,,,,,,,,,,,,,,,,,,,,,,,,,,,,,,,,,,,,,,,,,,,,,,,,,,,,,,,,,,,,,,,,,,,,,,,,,,,,,,,,,,,,,,,,,,,,,,,,,,,,,,,,,,,,,,,,,,,,,,,,,,,,,,,,,,,,,,,,,,,,,,,,,,,,,,,,,,,,,,,,,,,,,,,,,,,,,,,,,,,,,,
,,,,,,,,,,,,,,,,,,,,,,,,,,,,,,,,,,,,,,,,,,,,,,,,,,,,,,,,,,,,,,,,,,,,,,,,,,,,,,,,,,,,,,,,,,,,,,,,,,,,,,,,,,,,,,,,,,,,,,,,,,,,,,,,,,,,,,,,,,,,,,,,,,,,,,,,,,,,,,,,,,,,,,,,,,,,,,,,,,,,,,,,,,,,,,,,,,,,,,,,,,,,,,,,,,,,,,,,,,,,,,,,,,,,,,,,,,,,,,,,,,,,,,,,,,,,,,,,,,,,,,,,,,,,,,,,,,,,,,,,,,,,,,,,,,,,,,,,,,,,,,,,,,,,,,,,,,,,,,,,,,,,,,,,,,,,,,,,,,
,,,2010,,,,,,,,,,,,,,,,,,,,,,,,,,,,,,,,,,,,,,,,,,,,,,,,,,,,,,,,2011,,,,,,,,,,,,,,,,,,,,,,,,,,,,,,,,,,,,,,,,,,,,,,,,,,,,,,,,2012,,,,,,,,,,,,,,,,,,,,,,,,,,,,,,,,,,,,,,,,,,,,,,,,,,,,,,,,2013,,,,,,,,,,,,,,,,,,,,,,,,,,,,,,,,,,,,,,,,,,,,,,,,,,,,,,,,2014,,,,,,,,,,,,,,,,,,,,,,,,,,,,,,,,,,,,,,,,,,,,,,,,,,,,,,,,2015,,,,,,,,,,,,,,,,,,,,,,,,,,,,,,,,,,,,,,,,,,,,,,,,,,,,,,,
,,,HS02710,HS02711,HS02712,HS02713,HS02714,HS02715,HS02716,HS03011,HS03012,HS03013,HS03014,HS03015,HS03016,HS03017,HS10291,HS10292,HS10293,HS10294,HS10295,HS10296,HS10297,HS10298,HS10299,HS10300,HS10301,HS10302,HS10303,HS10304,HS10305,HS10306,HS10307,HS10308,HS10309,HS10310,HS10311,HS10312,HS10313,HS10314,HS10315,HS10316,HS10317,HS10318,HS10319,HS10320,HS10321,HS10322,HS10323,HS10324,HS10325,HS10326,HS10327,HS10328,HS10329,HS10330,HS10331,HS10332,HS02710,HS02711,HS02712,HS02713,HS02714,HS02715,HS02716,HS03011,HS03012,HS03013,HS03014,HS03015,HS03016,HS03017,HS10291,HS10292,HS10293,HS10294,HS10295,HS10296,HS10297,HS10298,HS10299,HS10300,HS10301,HS10302,HS10303,HS10304,HS10305,HS10306,HS10307,HS10308,HS10309,HS10310,HS10311,HS10312,HS10313,HS10314,HS10315,HS10316,HS10317,HS10318,HS10319,HS10320,HS10321,HS10322,HS10323,HS10324,HS10325,HS10326,HS10327,HS10328,HS10329,HS10330,HS10331,HS10332,HS02710,HS02711,HS02712,HS02713,HS02714,HS02715,HS02716,HS03011,HS03012,HS03013,HS03014,HS03015,HS03016,HS03017,HS10291,HS10292,HS10293,HS10294,HS10295,HS10296,HS10297,HS10298,HS10299,HS10300,HS10301,HS10302,HS10303,HS10304,HS10305,HS10306,HS10307,HS10308,HS10309,HS10310,HS10311,HS10312,HS10313,HS10314,HS10315,HS10316,HS10317,HS10318,HS10319,HS10320,HS10321,HS10322,HS10323,HS10324,HS10325,HS10326,HS10327,HS10328,HS10329,HS10330,HS10331,HS10332,HS02710,HS02711,HS02712,HS02713,HS02714,HS02715,HS02716,HS03011,HS03012,HS03013,HS03014,HS03015,HS03016,HS03017,HS10291,HS10292,HS10293,HS10294,HS10295,HS10296,HS10297,HS10298,HS10299,HS10300,HS10301,HS10302,HS10303,HS10304,HS10305,HS10306,HS10307,HS10308,HS10309,HS10310,HS10311,HS10312,HS10313,HS10314,HS10315,HS10316,HS10317,HS10318,HS10319,HS10320,HS10321,HS10322,HS10323,HS10324,HS10325,HS10326,HS10327,HS10328,HS10329,HS10330,HS10331,HS10332,HS02710,HS02711,HS02712,HS02713,HS02714,HS02715,HS02716,HS03011,HS03012,HS03013,HS03014,HS03015,HS03016,HS03017,HS10291,HS10292,HS10293,HS10294,HS10295,HS10296,HS10297,HS10298,HS10299,HS10300,HS10301,HS10302,HS10303,HS10304,HS10305,HS10306,HS10307,HS10308,HS10309,HS10310,HS10311,HS10312,HS10313,HS10314,HS10315,HS10316,HS10317,HS10318,HS10319,HS10320,HS10321,HS10322,HS10323,HS10324,HS10325,HS10326,HS10327,HS10328,HS10329,HS10330,HS10331,HS10332,HS02710,HS02711,HS02712,HS02713,HS02714,HS02715,HS02716,HS03011,HS03012,HS03013,HS03014,HS03015,HS03016,HS03017,HS10291,HS10292,HS10293,HS10294,HS10295,HS10296,HS10297,HS10298,HS10299,HS10300,HS10301,HS10302,HS10303,HS10304,HS10305,HS10306,HS10307,HS10308,HS10309,HS10310,HS10311,HS10312,HS10313,HS10314,HS10315,HS10316,HS10317,HS10318,HS10319,HS10320,HS10321,HS10322,HS10323,HS10324,HS10325,HS10326,HS10327,HS10328,HS10329,HS10330,HS10331,HS10332
AMB#,NAIC#,Company Name,Qual ratng us govt naic 1 tot curr yr,Qual ratng us govt naic 2 tot curr yr,Qual ratng us govt naic 3 tot curr yr,Qual ratng us govt naic 4 tot curr yr,Qual ratng us govt naic 5 tot curr yr,Qual ratng us govt naic 6 tot curr yr,Qual ratng us gov totals tot cur yr,Qual ratng parent naicass 1 tot cur y,Qual ratng parent naicass 2 tot cur y,Qual ratng parent naicass 3 tot cur y,Qual ratng parent naicass 4 tot cur y,Qual ratng parent naicass 5 tot cur y,Qual ratng parent naicass 6 tot cur y,Qual ratng parent totals tot cur y,Qual ratng all oth gov naic1 ttl cur yr,Qual ratng all oth gov naic2 ttl cur yr,Qual ratng all oth gov naic3 ttl cur yr,Qual ratng all oth gov naic4 ttl cur yr,Qual ratng all oth gov naic5 ttl cur yr,Qual ratng all oth gov naic6 ttl cur yr,Qual ratng all oth gov totals ttl cur yr,Qual ratng us st terr & poss naic1 ttl cur yr,Qual ratng us st terr & poss naic2 ttl cur yr,Qual ratng us st terr & poss naic3 ttl cur yr,Qual ratng us st terr & poss naic4 ttl cur yr,Qual ratng us st terr & poss naic5 ttl cur yr,Qual ratng us st terr & poss naic6 ttl cur yr,Qual ratng us st terr & poss totals ttl cur yr,Qual ratng us pol sub naic1 ttl cur yr,Qual ratng us pol sub naic2 ttl cur yr,Qual ratng us pol sub naic3 ttl cur yr,Qual ratng us pol sub naic4 ttl cur yr,Qual ratng us pol sub naic5 ttl cur yr,Qual ratng us pol sub naic6 ttl cur yr,Qual ratng us pol sub totals ttl cur yr,Qual ratng us spe rev naic1 ttl cur yr,Qual ratng us spe rev naic2 ttl cur yr,Qual ratng us spe rev naic3 ttl cur yr,Qual ratng us spe rev naic4 ttl cur yr,Qual ratng us spe rev naic5 ttl cur yr,Qual ratng us spe rev naic6 ttl cur yr,Qual ratng spec rev totals ttl cur yr,Qual ratng industr naic1 ttl cur yr,Qual ratng industr naic2 ttl cur yr,Qual ratng industr naic3 ttl cur yr,Qual ratng industr naic4 ttl cur yr,Qual ratng industr naic5 ttl cur yr,Qual ratng industr naic6 ttl cur yr,Qual ratng industr totals ttl cur yr,Qual ratng hybrid secur naic1 ttl cur yr,Qual ratng hybrid secur naic2 ttl cur yr,Qual ratng hybrid secur naic3 ttl cur yr,Qual ratng hybrid secur naic4 ttl cur yr,Qual ratng hybrid secur naic5 ttl cur yr,Qual ratng hybrid secur naic6 ttl cur yr,Qual ratng hybrid secur totals ttl cur yr,Qual ratng us govt naic 1 tot curr yr,Qual ratng us govt naic 2 tot curr yr,Qual ratng us govt naic 3 tot curr yr,Qual ratng us govt naic 4 tot curr yr,Qual ratng us govt naic 5 tot curr yr,Qual ratng us govt naic 6 tot curr yr,Qual ratng us gov totals tot cur yr,Qual ratng parent naicass 1 tot cur y,Qual ratng parent naicass 2 tot cur y,Qual ratng parent naicass 3 tot cur y,Qual ratng parent naicass 4 tot cur y,Qual ratng parent naicass 5 tot cur y,Qual ratng parent naicass 6 tot cur y,Qual ratng parent totals tot cur y,Qual ratng all oth gov naic1 ttl cur yr,Qual ratng all oth gov naic2 ttl cur yr,Qual ratng all oth gov naic3 ttl cur yr,Qual ratng all oth gov naic4 ttl cur yr,Qual ratng all oth gov naic5 ttl cur yr,Qual ratng all oth gov naic6 ttl cur yr,Qual ratng all oth gov totals ttl cur yr,Qual ratng us st terr & poss naic1 ttl cur yr,Qual ratng us st terr & poss naic2 ttl cur yr,Qual ratng us st terr & poss naic3 ttl cur yr,Qual ratng us st terr & poss naic4 ttl cur yr,Qual ratng us st terr & poss naic5 ttl cur yr,Qual ratng us st terr & poss naic6 ttl cur yr,Qual ratng us st terr & poss totals ttl cur yr,Qual ratng us pol sub naic1 ttl cur yr,Qual ratng us pol sub naic2 ttl cur yr,Qual ratng us pol sub naic3 ttl cur yr,Qual ratng us pol sub naic4 ttl cur yr,Qual ratng us pol sub naic5 ttl cur yr,Qual ratng us pol sub naic6 ttl cur yr,Qual ratng us pol sub totals ttl cur yr,Qual ratng us spe rev naic1 ttl cur yr,Qual ratng us spe rev naic2 ttl cur yr,Qual ratng us spe rev naic3 ttl cur yr,Qual ratng us spe rev naic4 ttl cur yr,Qual ratng us spe rev naic5 ttl cur yr,Qual ratng us spe rev naic6 ttl cur yr,Qual ratng spec rev totals ttl cur yr,Qual ratng industr naic1 ttl cur yr,Qual ratng industr naic2 ttl cur yr,Qual ratng industr naic3 ttl cur yr,Qual ratng industr naic4 ttl cur yr,Qual ratng industr naic5 ttl cur yr,Qual ratng industr naic6 ttl cur yr,Qual ratng industr totals ttl cur yr,Qual ratng hybrid secur naic1 ttl cur yr,Qual ratng hybrid secur naic2 ttl cur yr,Qual ratng hybrid secur naic3 ttl cur yr,Qual ratng hybrid secur naic4 ttl cur yr,Qual ratng hybrid secur naic5 ttl cur yr,Qual ratng hybrid secur naic6 ttl cur yr,Qual ratng hybrid secur totals ttl cur yr,Qual ratng us govt naic 1 tot curr yr,Qual ratng us govt naic 2 tot curr yr,Qual ratng us govt naic 3 tot curr yr,Qual ratng us govt naic 4 tot curr yr,Qual ratng us govt naic 5 tot curr yr,Qual ratng us govt naic 6 tot curr yr,Qual ratng us gov totals tot cur yr,Qual ratng parent naicass 1 tot cur y,Qual ratng parent naicass 2 tot cur y,Qual ratng parent naicass 3 tot cur y,Qual ratng parent naicass 4 tot cur y,Qual ratng parent naicass 5 tot cur y,Qual ratng parent naicass 6 tot cur y,Qual ratng parent totals tot cur y,Qual ratng all oth gov naic1 ttl cur yr,Qual ratng all oth gov naic2 ttl cur yr,Qual ratng all oth gov naic3 ttl cur yr,Qual ratng all oth gov naic4 ttl cur yr,Qual ratng all oth gov naic5 ttl cur yr,Qual ratng all oth gov naic6 ttl cur yr,Qual ratng all oth gov totals ttl cur yr,Qual ratng us st terr & poss naic1 ttl cur yr,Qual ratng us st terr & poss naic2 ttl cur yr,Qual ratng us st terr & poss naic3 ttl cur yr,Qual ratng us st terr & poss naic4 ttl cur yr,Qual ratng us st terr & poss naic5 ttl cur yr,Qual ratng us st terr & poss naic6 ttl cur yr,Qual ratng us st terr & poss totals ttl cur yr,Qual ratng us pol sub naic1 ttl cur yr,Qual ratng us pol sub naic2 ttl cur yr,Qual ratng us pol sub naic3 ttl cur yr,Qual ratng us pol sub naic4 ttl cur yr,Qual ratng us pol sub naic5 ttl cur yr,Qual ratng us pol sub naic6 ttl cur yr,Qual ratng us pol sub totals ttl cur yr,Qual ratng us spe rev naic1 ttl cur yr,Qual ratng us spe rev naic2 ttl cur yr,Qual ratng us spe rev naic3 ttl cur yr,Qual ratng us spe rev naic4 ttl cur yr,Qual ratng us spe rev naic5 ttl cur yr,Qual ratng us spe rev naic6 ttl cur yr,Qual ratng spec rev totals ttl cur yr,Qual ratng industr naic1 ttl cur yr,Qual ratng industr naic2 ttl cur yr,Qual ratng industr naic3 ttl cur yr,Qual ratng industr naic4 ttl cur yr,Qual ratng industr naic5 ttl cur yr,Qual ratng industr naic6 ttl cur yr,Qual ratng industr totals ttl cur yr,Qual ratng hybrid secur naic1 ttl cur yr,Qual ratng hybrid secur naic2 ttl cur yr,Qual ratng hybrid secur naic3 ttl cur yr,Qual ratng hybrid secur naic4 ttl cur yr,Qual ratng hybrid secur naic5 ttl cur yr,Qual ratng hybrid secur naic6 ttl cur yr,Qual ratng hybrid secur totals ttl cur yr,Qual ratng us govt naic 1 tot curr yr,Qual ratng us govt naic 2 tot curr yr,Qual ratng us govt naic 3 tot curr yr,Qual ratng us govt naic 4 tot curr yr,Qual ratng us govt naic 5 tot curr yr,Qual ratng us govt naic 6 tot curr yr,Qual ratng us gov totals tot cur yr,Qual ratng parent naicass 1 tot cur y,Qual ratng parent naicass 2 tot cur y,Qual ratng parent naicass 3 tot cur y,Qual ratng parent naicass 4 tot cur y,Qual ratng parent naicass 5 tot cur y,Qual ratng parent naicass 6 tot cur y,Qual ratng parent totals tot cur y,Qual ratng all oth gov naic1 ttl cur yr,Qual ratng all oth gov naic2 ttl cur yr,Qual ratng all oth gov naic3 ttl cur yr,Qual ratng all oth gov naic4 ttl cur yr,Qual ratng all oth gov naic5 ttl cur yr,Qual ratng all oth gov naic6 ttl cur yr,Qual ratng all oth gov totals ttl cur yr,Qual ratng us st terr & poss naic1 ttl cur yr,Qual ratng us st terr & poss naic2 ttl cur yr,Qual ratng us st terr & poss naic3 ttl cur yr,Qual ratng us st terr & poss naic4 ttl cur yr,Qual ratng us st terr & poss naic5 ttl cur yr,Qual ratng us st terr & poss naic6 ttl cur yr,Qual ratng us st terr & poss totals ttl cur yr,Qual ratng us pol sub naic1 ttl cur yr,Qual ratng us pol sub naic2 ttl cur yr,Qual ratng us pol sub naic3 ttl cur yr,Qual ratng us pol sub naic4 ttl cur yr,Qual ratng us pol sub naic5 ttl cur yr,Qual ratng us pol sub naic6 ttl cur yr,Qual ratng us pol sub totals ttl cur yr,Qual ratng us spe rev naic1 ttl cur yr,Qual ratng us spe rev naic2 ttl cur yr,Qual ratng us spe rev naic3 ttl cur yr,Qual ratng us spe rev naic4 ttl cur yr,Qual ratng us spe rev naic5 ttl cur yr,Qual ratng us spe rev naic6 ttl cur yr,Qual ratng spec rev totals ttl cur yr,Qual ratng industr naic1 ttl cur yr,Qual ratng industr naic2 ttl cur yr,Qual ratng industr naic3 ttl cur yr,Qual ratng industr naic4 ttl cur yr,Qual ratng industr naic5 ttl cur yr,Qual ratng industr naic6 ttl cur yr,Qual ratng industr totals ttl cur yr,Qual ratng hybrid secur naic1 ttl cur yr,Qual ratng hybrid secur naic2 ttl cur yr,Qual ratng hybrid secur naic3 ttl cur yr,Qual ratng hybrid secur naic4 ttl cur yr,Qual ratng hybrid secur naic5 ttl cur yr,Qual ratng hybrid secur naic6 ttl cur yr,Qual ratng hybrid secur totals ttl cur yr,Qual ratng us govt naic 1 tot curr yr,Qual ratng us govt naic 2 tot curr yr,Qual ratng us govt naic 3 tot curr yr,Qual ratng us govt naic 4 tot curr yr,Qual ratng us govt naic 5 tot curr yr,Qual ratng us govt naic 6 tot curr yr,Qual ratng us gov totals tot cur yr,Qual ratng parent naicass 1 tot cur y,Qual ratng parent naicass 2 tot cur y,Qual ratng parent naicass 3 tot cur y,Qual ratng parent naicass 4 tot cur y,Qual ratng parent naicass 5 tot cur y,Qual ratng parent naicass 6 tot cur y,Qual ratng parent totals tot cur y,Qual ratng all oth gov naic1 ttl cur yr,Qual ratng all oth gov naic2 ttl cur yr,Qual ratng all oth gov naic3 ttl cur yr,Qual ratng all oth gov naic4 ttl cur yr,Qual ratng all oth gov naic5 ttl cur yr,Qual ratng all oth gov naic6 ttl cur yr,Qual ratng all oth gov totals ttl cur yr,Qual ratng us st terr & poss naic1 ttl cur yr,Qual ratng us st terr & poss naic2 ttl cur yr,Qual ratng us st terr & poss naic3 ttl cur yr,Qual ratng us st terr & poss naic4 ttl cur yr,Qual ratng us st terr & poss naic5 ttl cur yr,Qual ratng us st terr & poss naic6 ttl cur yr,Qual ratng us st terr & poss totals ttl cur yr,Qual ratng us pol sub naic1 ttl cur yr,Qual ratng us pol sub naic2 ttl cur yr,Qual ratng us pol sub naic3 ttl cur yr,Qual ratng us pol sub naic4 ttl cur yr,Qual ratng us pol sub naic5 ttl cur yr,Qual ratng us pol sub naic6 ttl cur yr,Qual ratng us pol sub totals ttl cur yr,Qual ratng us spe rev naic1 ttl cur yr,Qual ratng us spe rev naic2 ttl cur yr,Qual ratng us spe rev naic3 ttl cur yr,Qual ratng us spe rev naic4 ttl cur yr,Qual ratng us spe rev naic5 ttl cur yr,Qual ratng us spe rev naic6 ttl cur yr,Qual ratng spec rev totals ttl cur yr,Qual ratng industr naic1 ttl cur yr,Qual ratng industr naic2 ttl cur yr,Qual ratng industr naic3 ttl cur yr,Qual ratng industr naic4 ttl cur yr,Qual ratng industr naic5 ttl cur yr,Qual ratng industr naic6 ttl cur yr,Qual ratng industr totals ttl cur yr,Qual ratng hybrid secur naic1 ttl cur yr,Qual ratng hybrid secur naic2 ttl cur yr,Qual ratng hybrid secur naic3 ttl cur yr,Qual ratng hybrid secur naic4 ttl cur yr,Qual ratng hybrid secur naic5 ttl cur yr,Qual ratng hybrid secur naic6 ttl cur yr,Qual ratng hybrid secur totals ttl cur yr,Qual ratng us govt naic 1 tot curr yr,Qual ratng us govt naic 2 tot curr yr,Qual ratng us govt naic 3 tot curr yr,Qual ratng us govt naic 4 tot curr yr,Qual ratng us govt naic 5 tot curr yr,Qual ratng us govt naic 6 tot curr yr,Qual ratng us gov totals tot cur yr,Qual ratng parent naicass 1 tot cur y,Qual ratng parent naicass 2 tot cur y,Qual ratng parent naicass 3 tot cur y,Qual ratng parent naicass 4 tot cur y,Qual ratng parent naicass 5 tot cur y,Qual ratng parent naicass 6 tot cur y,Qual ratng parent totals tot cur y,Qual ratng all oth gov naic1 ttl cur yr,Qual ratng all oth gov naic2 ttl cur yr,Qual ratng all oth gov naic3 ttl cur yr,Qual ratng all oth gov naic4 ttl cur yr,Qual ratng all oth gov naic5 ttl cur yr,Qual ratng all oth gov naic6 ttl cur yr,Qual ratng all oth gov totals ttl cur yr,Qual ratng us st terr & poss naic1 ttl cur yr,Qual ratng us st terr & poss naic2 ttl cur yr,Qual ratng us st terr & poss naic3 ttl cur yr,Qual ratng us st terr & poss naic4 ttl cur yr,Qual ratng us st terr & poss naic5 ttl cur yr,Qual ratng us st terr & poss naic6 ttl cur yr,Qual ratng us st terr & poss totals ttl cur yr,Qual ratng us pol sub naic1 ttl cur yr,Qual ratng us pol sub naic2 ttl cur yr,Qual ratng us pol sub naic3 ttl cur yr,Qual ratng us pol sub naic4 ttl cur yr,Qual ratng us pol sub naic5 ttl cur yr,Qual ratng us pol sub naic6 ttl cur yr,Qual ratng us pol sub totals ttl cur yr,Qual ratng us spe rev naic1 ttl cur yr,Qual ratng us spe rev naic2 ttl cur yr,Qual ratng us spe rev naic3 ttl cur yr,Qual ratng us spe rev naic4 ttl cur yr,Qual ratng us spe rev naic5 ttl cur yr,Qual ratng us spe rev naic6 ttl cur yr,Qual ratng spec rev totals ttl cur yr,Qual ratng industr naic1 ttl cur yr,Qual ratng industr naic2 ttl cur yr,Qual ratng industr naic3 ttl cur yr,Qual ratng industr naic4 ttl cur yr,Qual ratng industr naic5 ttl cur yr,Qual ratng industr naic6 ttl cur yr,Qual ratng industr totals ttl cur yr,Qual ratng hybrid secur naic1 ttl cur yr,Qual ratng hybrid secur naic2 ttl cur yr,Qual ratng hybrid secur naic3 ttl cur yr,Qual ratng hybrid secur naic4 ttl cur yr,Qual ratng hybrid secur naic5 ttl cur yr,Qual ratng hybrid secur naic6 ttl cur yr,Qual ratng hybrid secur totals ttl cur yr
070972,00000,Aetna Health Group (G),591189,0,0,0,0,0,591189,0,0,0,0,0,0,0,54071,3038,1981,0,0,0,59089,156101,20606,0,0,0,0,176706,344390,15161,0,0,0,0,359551,1166732,172636,5384,0,0,0,1344752,1687960,208478,36120,17809,0,763,1951129,1000,0,511,0,0,0,1511,538382,0,0,0,0,0,538382,0,0,0,0,0,0,0,44441,1963,0,0,0,0,46403,132834,17416,0,0,0,0,150249,304184,30604,0,0,0,0,334787,1378966,126873,3052,14281,0,3981,1527153,1375522,230142,40272,2821,0,793,1649551,458,0,0,0,0,0,458,388212,0,0,0,0,0,388212,0,0,0,0,0,0,0,37072,982,2269,0,0,0,40323,168862,16207,0,0,0,0,185069,298271,2061,0,0,0,0,300332,1670416,165561,4476,11251,0,0,1851702,1140007,273003,21683,1005,0,786,1436483,0,0,0,0,0,0,0,307350,0,0,0,0,0,307350,0,0,0,0,0,0,0,75271,65504,22143,5839,0,0,168758,265358,6699,0,0,0,0,272056,366748,2043,0,0,0,0,368792,1571958,93554,5965,3525,0,0,1675002,1249248,425565,146651,29259,2484,0,1853207,0,0,0,0,0,0,0,340545,0,0,0,0,0,340545,0,0,0,0,0,0,0,44867,61489,30057,12127,0,0,148541,305744,0,0,3442,0,0,309187,432827,0,0,0,0,0,432827,1810439,64515,10929,1527,0,0,1887410,1604722,565669,277657,79642,0,0,2527690,0,1247,0,0,0,0,1247,746328,0,0,0,0,0,746328,0,0,0,0,0,0,0,52940,48623,46177,21381,0,0,169121,554016,11426,0,0,0,0,565442,448693,5483,4060,0,0,0,458235,1883915,109703,3309,4670,3305,0,2004903,1716299,770545,326057,98787,403,0,2912091,0,0,0,0,0,0,0
070964,00000,Anthem Health Companies (G),1228129,0,0,0,0,0,1228129,0,0,0,0,0,0,0,6455,2264,0,0,0,0,8719,515964,6720,0,0,0,0,522684,740367,5792,0,0,5174,0,751334,4372550,168572,2042,516,53573,0,4597253,3466272,1147964,581289,92437,26854,2873,5317689,24246,24515,27924,0,0,2132,78817,1184870,0,0,0,0,0,1184870,0,0,0,0,0,0,0,7479,0,246,0,0,0,7724,528426,6584,0,0,0,0,535009,665824,10740,0,0,8126,0,684690,4756173,224640,2031,0,16821,0,4999665,3637526,1302608,618972,79661,19088,3244,5661100,28064,44651,27473,0,1129,0,101317,656688,0,0,0,0,0,656688,0,0,0,0,0,0,0,2597,1795,0,0,0,0,4392,538349,3517,0,0,554,0,542420,660168,9237,0,0,9069,0,678475,4707332,225666,4665,0,16195,0,4953858,3321258,1774276,864381,247947,17368,2445,6227674,36086,35539,11128,3647,3125,0,89524,488782,0,0,0,0,0,488782,0,0,0,0,0,0,0,2598,1796,0,0,0,0,4394,593232,0,0,0,2199,0,595432,774555,5892,0,0,6879,0,787325,4914393,228905,4601,0,13555,0,5161454,2952261,1945345,1053388,335449,35694,757,6322895,54272,126396,5911,4020,3111,0,193711,491414,0,0,0,0,0,491414,0,0,0,0,0,0,0,6625,1797,0,0,0,0,8422,521834,0,0,0,0,0,521834,627013,7037,0,0,0,0,634049,4575858,167374,17971,227,7182,0,4768611,2896769,1779803,1124392,341769,29793,922,6173449,46659,113270,5783,11835,0,0,177547,463632,0,0,0,0,0,463632,0,0,0,0,0,0,0,1598,0,1993,0,0,0,3591,475031,55847,0,0,0,0,530878,658680,33308,2472,4357,0,0,698817,4352899,197773,9125,0,0,2400,4562197,2478985,1810427,1159308,266624,10506,2000,5727849,73159,162538,18635,0,3080,0,257413
070971,00000,Arkansas BC/BS Group (G),336508,0,0,0,0,0,336508,0,0,0,0,0,0,0,81358,0,0,0,0,0,81358,7438,0,0,0,0,0,7438,9040,1533,0,0,0,0,10573,24693,359,0,0,0,0,25052,61254,47368,1240,0,0,0,109862,0,0,0,0,0,0,0,393858,0,0,0,0,0,393858,0,0,0,0,0,0,0,44379,0,0,0,0,0,44379,1141,0,0,0,0,0,1141,9059,1051,0,0,0,0,10110,21076,351,0,0,0,0,21426,100105,39717,2218,0,0,0,142041,0,0,0,0,0,0,0,429318,0,0,0,0,0,429318,0,0,0,0,0,0,0,46045,0,0,0,0,0,46045,1042,218,0,0,0,0,1260,12168,0,0,0,0,0,12168,28205,1777,0,0,0,0,29982,120200,40732,2223,0,0,0,163155,0,0,0,0,0,0,0,543782,0,0,0,0,0,543782,0,0,0,0,0,0,0,42253,0,0,0,0,0,42253,1237,0,0,0,0,0,1237,13032,0,0,0,0,0,13032,22373,425,0,0,0,0,22797,195850,30971,0,5076,0,0,231897,0,0,0,0,0,0,0,455015,0,0,0,0,0,455015,0,0,0,0,0,0,0,38790,0,0,0,0,0,38790,272,0,0,0,0,0,272,8692,0,0,0,0,0,8692,14351,669,0,0,0,0,15020,346913,44528,5142,0,0,0,396583,0,0,0,0,0,0,0,438034,0,0,0,0,0,438034,0,0,0,0,0,0,0,15782,0,0,0,0,0,15782,2032,0,0,0,0,0,2032,13088,0,0,0,0,0,13088,25175,0,0,0,0,0,25175,306038,53644,6246,0,0,0,365928,0,0,0,0,0,0,0
070909,00000,Blue Cross & Blue Shield of Florida Grp (G),1206516,0,0,0,0,0,1206516,0,0,0,0,0,0,0,57421,11482,0,0,0,0,68903,53184,1557,0,0,0,0,54740,45940,0,0,0,0,0,45940,373466,30553,0,0,0,0,404018,738566,226467,95953,167891,7754,0,1236631,7311,837,0,0,0,0,8147,1376461,0,0,0,0,0,1376461,0,0,0,0,0,0,0,46435,11604,183,0,0,0,58222,56450,0,0,0,0,0,56450,66240,0,0,0,0,0,66240,381206,26314,0,0,0,0,407520,517640,225311,131897,151006,8317,1665,1035837,137,18011,0,0,0,0,18148,1437626,0,0,0,0,0,1437626,0,0,0,0,0,0,0,11439,2825,0,0,0,0,14264,49984,0,0,0,0,0,49984,60482,0,0,0,0,0,60482,408844,17858,0,0,0,0,426702,505432,268521,145228,172277,11034,421,1102913,0,19627,8505,0,0,0,28133,1190046,0,0,0,0,0,1190046,0,0,0,0,0,0,0,51766,7973,0,0,0,0,59740,68079,0,0,0,0,0,68079,49755,0,0,0,0,0,49755,450308,7330,0,2332,0,0,459970,631873,412276,147271,287863,11070,0,1490353,0,27799,10180,0,0,0,37979,1126512,0,0,0,0,0,1126512,0,0,0,0,0,0,0,2245,2874,0,0,0,0,5120,16838,0,0,0,0,0,16838,13770,0,0,0,0,0,13770,216082,3246,0,0,0,0,219328,509622,384201,92813,156568,12033,473,1155710,0,0,0,0,0,0,0,1262418,0,0,0,0,0,1262418,0,0,0,0,0,0,0,1659,2478,0,0,0,0,4137,135079,0,0,0,0,0,135079,5025,0,0,0,0,0,5025,407955,2949,0,0,0,0,410904,479851,480706,106816,204399,13877,408,1286057,0,0,0,0,0,0,0
070914,00000,Blue Cross & Blue Shield of NC Group (G),245121,0,0,0,0,0,245121,0,0,0,0,0,0,0,4035,0,0,0,0,0,4035,325055,1192,0,0,0,0,326247,211915,4128,0,0,0,0,216043,634902,7982,0,0,0,0,642883,460753,104932,0,0,0,0,565685,0,0,0,0,0,0,0,150116,0,0,0,0,0,150116,0,0,0,0,0,0,0,5034,0,0,0,0,0,5034,366542,0,0,0,0,0,366542,229500,0,0,0,0,0,229500,633973,7914,0,0,0,0,641888,408176,124552,2826,3949,812,0,540315,0,0,0,0,0,0,0,121187,0,0,0,0,0,121187,0,0,0,0,0,0,0,4098,0,0,0,0,0,4098,371905,0,0,0,0,0,371905,215075,0,0,0,0,0,215075,631005,5682,0,0,0,0,636687,365866,116158,0,0,0,0,482025,0,0,0,0,0,0,0,121674,0,0,0,0,0,121674,0,0,0,0,0,0,0,5071,0,0,0,0,0,5071,359654,0,0,0,0,0,359654,238995,0,0,0,0,0,238995,695194,6976,0,0,0,0,702170,214929,89317,0,0,0,0,304246,0,0,0,0,0,0,0,24785,0,0,0,0,0,24785,0,0,0,0,0,0,0,997,0,0,0,0,0,997,241553,0,0,0,0,0,241553,214668,3480,0,0,0,0,218147,859424,2536,0,0,0,0,861960,231037,70579,0,0,0,0,301616,0,0,0,0,0,0,0,137562,0,0,0,0,0,137562,0,0,0,0,0,0,0,997,0,0,0,0,0,997,100433,2579,0,0,0,0,103012,134458,0,0,0,0,0,134458,988166,18967,0,0,0,0,1007133,333885,126228,33293,0,0,0,493406,0,0,0,0,0,0,0
070894,00000,Blue Cross & Blue Shield of SC Group (G),69559,0,0,0,0,0,69559,0,0,0,0,0,0,0,0,0,0,0,0,0,0,0,0,0,0,0,0,0,0,0,0,0,0,0,0,213790,0,0,0,0,0,213790,299514,173381,959,0,0,0,473854,0,0,0,0,0,0,0,57325,0,0,0,0,0,57325,0,0,0,0,0,0,0,0,0,0,0,0,0,0,0,0,0,0,0,0,0,0,0,0,0,0,0,0,176210,0,0,0,0,0,176210,319298,185137,966,0,0,0,505402,0,0,0,0,0,0,0,107517,0,0,0,0,0,107517,0,0,0,0,0,0,0,0,0,0,0,0,0,0,0,0,0,0,0,0,0,0,0,0,0,0,0,0,140005,0,0,0,0,0,140005,307180,190134,5055,0,0,0,502370,0,0,0,0,0,0,0,230775,0,0,0,0,0,230775,0,0,0,0,0,0,0,0,0,0,0,0,0,0,0,0,0,0,0,0,0,0,0,0,0,0,0,0,131110,0,0,0,0,0,131110,280689,177297,4998,0,0,0,462984,0,0,0,0,0,0,0,228485,0,0,0,0,0,228485,0,0,0,0,0,0,0,0,0,0,0,0,0,0,0,0,0,0,0,0,0,0,0,0,0,0,0,0,113179,0,0,0,0,0,113179,292460,171763,4247,0,0,0,468471,0,0,0,0,0,0,0,261834,0,0,0,0,0,261834,0,0,0,0,0,0,0,0,0,0,0,0,0,0,0,0,0,0,0,0,0,0,0,0,0,0,0,0,97471,0,0,0,0,0,97471,268083,292694,2543,407,0,0,563727,0,0,0,0,0,0,0
070915,00000,Blue Cross & Blue Shield of TN Group (G),45204,0,0,0,0,0,45204,0,0,0,0,0,0,0,0,0,0,0,0,0,0,20189,0,0,0,0,0,20189,165135,6102,0,0,0,0,171236,383862,3808,0,0,0,0,387669,805559,75645,11621,0,0,0,892825,0,0,0,0,0,0,0,295098,0,0,0,0,0,295098,0,0,0,0,0,0,0,0,0,0,0,0,0,0,60204,0,0,0,0,0,60204,244945,8928,5013,0,0,0,258886,231621,1324,0,0,0,0,232945,434658,72722,45464,29080,0,0,581924,0,0,0,0,0,0,0,175574,0,0,0,0,0,175574,0,0,0,0,0,0,0,0,0,0,0,0,0,0,96777,0,0,0,0,0,96777,4554,3364,0,0,0,0,7918,575556,12814,0,0,0,0,588371,704405,98866,31581,44831,635,0,880318,0,0,0,0,0,0,0,227163,0,0,0,0,0,227163,0,0,0,0,0,0,0,0,0,0,0,0,0,0,54158,0,0,0,0,0,54158,40104,4114,0,0,0,0,44218,509200,11463,0,0,0,0,520663,649592,126527,58815,61326,846,0,897106,0,0,0,0,0,0,0,121010,0,0,0,0,0,121010,0,0,0,0,0,0,0,0,0,0,0,0,0,0,74997,0,0,0,0,0,74997,56323,445,0,0,0,0,56768,541878,36579,1468,0,0,0,579924,835692,192097,96901,65095,7999,0,1197784,0,0,0,0,0,0,0,113606,0,0,0,0,0,113606,0,0,0,0,0,0,0,0,0,0,0,0,0,0,48661,1036,0,0,0,0,49697,75285,9007,0,150,0,0,84442,523471,49409,1786,0,0,0,574666,833925,254166,118509,49205,2051,93,1257949,0,0,0,0,0,0,0
060080,55433,Blue Cross and Blue Shield of Alabama,161727,0,0,0,0,0,161727,0,0,0,0,0,0,0,13297,0,0,0,0,0,13297,2464,0,0,0,0,0,2464,2512,0,0,0,0,0,2512,137236,0,0,0,0,0,137236,695586,79960,4354,0,0,432,780333,0,0,0,0,0,0,0,146077,0,0,0,0,0,146077,0,0,0,0,0,0,0,16238,0,0,0,0,0,16238,3993,0,0,0,0,0,3993,487,0,0,0,0,0,487,144256,0,0,0,0,0,144256,723218,113546,2616,0,0,0,839380,0,0,0,0,0,0,0,140580,0,0,0,0,0,140580,0,0,0,0,0,0,0,4033,0,0,0,0,0,4033,1415,0,0,0,0,0,1415,3994,0,0,0,0,0,3994,191566,398,0,0,0,0,191964,793828,118058,4144,0,0,0,916030,0,0,0,0,0,0,0,152965,0,0,0,0,0,152965,0,0,0,0,0,0,0,4029,0,0,0,0,0,4029,3086,0,0,0,0,0,3086,7133,0,0,0,0,0,7133,171774,0,0,0,0,0,171774,818097,167424,1994,0,383,0,987898,0,0,0,0,0,0,0,124289,0,0,0,0,0,124289,0,0,0,0,0,0,0,1026,0,0,0,0,0,1026,4352,0,0,0,0,0,4352,17403,0,0,0,0,0,17403,182172,0,0,0,0,0,182172,797972,161826,1098,0,0,0,960895,0,0,0,0,0,0,0,148728,0,0,0,0,0,148728,0,0,0,0,0,0,0,972,0,0,0,0,0,972,4045,256,0,0,0,0,4301,16221,1380,0,0,0,0,17601,158414,0,0,0,0,0,158414,634543,197766,4508,60,0,0,836876,0,0,0,0,0,0,0
020455,00000,Blue Cross and Blue Shield of MA Group (G),383550,0,0,0,0,0,383550,0,0,0,0,0,0,0,10747,972,0,0,0,0,11720,2261,0,0,0,0,0,2261,0,0,0,0,0,0,0,304601,0,0,0,0,0,304601,370581,69260,15161,514,1,197,455715,0,0,0,0,0,0,0,475861,0,0,0,0,0,475861,0,0,0,0,0,0,0,10781,971,0,0,0,0,11752,2274,0,0,0,0,0,2274,272,0,0,0,0,0,272,296836,0,0,0,0,0,296836,392554,71911,5633,0,3568,197,473864,0,0,0,0,0,0,0,491431,0,0,0,0,0,491431,0,0,0,0,0,0,0,13587,970,0,0,0,0,14558,2717,0,0,0,0,0,2717,638,0,0,0,0,0,638,368217,0,0,0,0,0,368217,493840,107354,1550,1187,930,176,605037,0,0,0,0,0,0,0,467357,0,0,0,0,0,467357,0,0,0,0,0,0,0,9494,969,0,0,0,0,10463,1890,0,0,0,0,0,1890,619,0,0,0,0,0,619,335170,0,0,0,0,0,335170,478221,147179,10332,1118,876,0,637726,0,0,0,0,0,0,0,411384,0,0,0,0,0,411384,0,0,0,0,0,0,0,7430,968,0,0,0,0,8397,1894,0,0,0,0,0,1894,576,0,0,0,0,0,576,339172,0,0,0,0,0,339172,496191,145683,12405,0,0,0,654278,0,0,0,0,0,0,0,567418,0,0,0,0,0,567418,0,0,0,0,0,0,0,3887,1218,0,0,0,0,5105,1890,0,0,0,0,0,1890,2372,0,0,0,0,0,2372,395477,0,0,0,0,0,395477,488314,156320,5992,0,0,0,650627,0,0,0,0,0,0,0
064465,53589,Blue Cross Blue Shield of Arizona Inc,159614,0,0,0,0,0,159614,0,0,0,0,0,0,0,0,0,0,0,0,0,0,14991,0,0,0,0,0,14991,92761,0,0,0,0,0,92761,18087,0,0,0,0,0,18087,232750,43235,1151,1063,0,0,278198,0,0,0,0,0,0,0,72805,0,0,0,0,0,72805,0,0,0,0,0,0,0,0,0,0,0,0,0,0,16422,0,0,0,0,0,16422,105238,340,0,0,0,0,105578,20483,0,0,0,0,0,20483,299388,85394,0,0,0,0,384783,0,0,0,0,0,0,0,32961,0,0,0,0,0,32961,0,0,0,0,0,0,0,0,0,0,0,0,0,0,15935,0,0,0,0,0,15935,34116,0,0,0,0,0,34116,79695,0,0,0,0,0,79695,261157,87027,1563,250,0,0,349997,0,0,0,0,0,0,0,42577,0,0,0,0,0,42577,0,0,0,0,0,0,0,2239,5913,0,0,0,0,8152,16648,0,0,0,0,0,16648,29635,0,0,0,0,0,29635,125298,0,0,0,0,0,125298,215660,96675,19117,7137,995,288,339872,0,0,0,0,0,0,0,6809,0,0,0,0,0,6809,0,0,0,0,0,0,0,8960,12189,0,0,0,0,21149,21684,0,0,0,0,0,21684,40158,433,0,0,0,0,40591,142103,7311,800,0,0,0,150214,171221,90072,24879,11460,760,1637,300029,0,0,0,0,0,0,0,63744,0,0,0,0,0,63744,0,0,0,0,0,0,0,0,0,0,0,0,0,0,13342,524,0,0,0,0,13866,32465,2111,0,0,0,0,34576,169973,8065,0,0,0,0,178038,126760,51130,45931,57404,15958,0,297183,0,0,0,0,0,0,0
020262,00000,Blue Cross Blue Shield of Michigan Group (G),600076,0,0,0,0,0,600076,0,0,0,0,0,0,0,0,0,0,0,0,0,0,0,0,0,0,0,0,0,0,0,0,0,0,0,0,1056471,0,0,0,0,0,1056471,1113836,1323318,47237,55659,40189,6494,2586732,1574,874,4517,6873,750,2923,17511,972811,0,0,0,0,0,972811,0,0,0,0,0,0,0,0,0,0,0,0,0,0,0,0,0,0,0,0,0,0,0,0,0,0,0,0,1175284,0,0,0,0,0,1175284,1184678,1239272,37422,72402,27032,8574,2569379,1474,377,10323,4827,2983,117,20101,801074,0,0,0,0,0,801074,0,0,0,0,0,0,0,0,2550,3019,0,0,0,5569,0,0,0,0,0,0,0,0,0,0,0,0,0,0,1496174,762,0,0,0,0,1496936,1504740,1142263,49468,86206,43336,6398,2832411,1475,2329,3306,4025,391,0,11526,972955,0,0,0,0,0,972955,0,0,0,0,0,0,0,0,5538,0,0,0,0,5538,6990,0,0,0,0,0,6990,0,0,0,0,0,0,0,1057029,0,763,0,0,0,1057792,1366986,1366711,146320,168829,74242,3306,3126395,232,16110,3465,3291,0,0,23098,1348320,0,0,0,0,0,1348320,0,0,0,0,0,0,0,11135,4132,0,0,0,0,15267,0,0,0,0,0,0,0,0,0,0,0,0,0,0,1022338,0,763,0,0,0,1023101,1005448,1178266,169254,202365,56055,3675,2615064,0,0,0,0,0,0,0,1210995,0,0,0,0,0,1210995,0,0,0,0,0,0,0,9027,778,673,0,103,0,10581,0,0,0,0,0,0,0,0,0,0,0,0,0,0,854903,0,0,0,0,0,854903,948289,1125018,162675,161597,38665,1964,2438207,0,0,0,0,0,0,0
070913,00000,Blue Cross Blue Shield of Minnesota Grp (G),497811,0,0,0,0,0,497811,0,0,0,0,0,0,0,7303,916,91,0,0,0,8310,25754,2711,0,0,0,0,28465,21396,1689,0,0,0,0,23085,436296,2128,0,0,0,0,438423,405883,224326,14918,13423,519,57,659125,3255,1154,0,0,0,0,4409,452401,0,0,0,0,0,452401,0,0,0,0,0,0,0,13418,3931,0,0,0,0,17349,24888,0,0,0,0,0,24888,17613,95,0,0,0,0,17708,455152,685,0,0,0,0,455837,492893,271697,10675,2485,0,0,777750,0,2491,990,0,0,0,3481,293417,0,0,0,0,0,293417,0,0,0,0,0,0,0,11697,3519,0,0,0,0,15215,20341,0,0,0,0,0,20341,23485,35,0,0,0,0,23520,539552,202,0,0,0,0,539754,583149,256353,16339,3816,126,69,859852,0,2520,0,0,0,0,2520,389152,0,0,0,0,0,389152,0,0,0,0,0,0,0,13234,2600,0,0,0,0,15834,17918,0,0,0,0,0,17918,25241,0,0,0,0,0,25241,397646,0,0,0,0,0,397646,392934,289934,25839,66736,72010,2085,849538,0,33,0,0,0,0,33,239201,0,0,0,0,0,239201,0,0,0,0,0,0,0,3761,2003,0,0,0,0,5765,12591,0,0,0,0,0,12591,24369,1069,0,0,0,0,25438,361099,0,550,0,0,0,361649,550073,291881,52747,131820,44544,54263,1125329,0,65,0,0,0,0,65,228345,0,0,0,0,0,228345,0,0,0,0,0,0,0,4013,1579,779,0,0,0,6371,11413,0,0,0,0,0,11413,13919,650,0,0,0,0,14569,314073,0,0,0,0,547,314619,555823,445955,93714,123486,30007,73409,1322394,0,0,0,0,0,0,0
061788,00000,California Physicians' Service Group (G),0,0,0,0,0,0,0,0,0,0,0,0,0,0,0,0,0,0,0,0,0,0,0,0,0,0,0,0,0,0,0,0,0,0,0,0,0,0,0,0,0,0,0,0,0,0,0,0,0,0,0,0,0,0,0,0,0,0,0,0,0,0,0,0,0,0,0,0,0,0,0,0,0,0,0,0,0,0,0,0,0,0,0,0,0,0,0,0,0,0,0,0,0,0,0,0,0,0,0,0,0,0,0,0,0,0,0,0,0,0,0,0,0,0,0,0,0,0,0,0,0,0,0,0,0,0,0,0,0,0,0,0,0,0,0,0,0,0,0,0,0,0,0,0,0,0,0,0,0,0,0,0,0,0,0,0,0,0,0,0,0,0,0,0,0,0,0,0,0,0,0,0,0,0,0,0,0,0,0,0,0,0,0,0,0,0,0,0,0,0,0,0,0,0,0,0,0,0,0,0,0,0,0,0,0,0,0,0,0,0,0,0,0,0,0,0,0,0,0,0,0,0,0,0,0,0,0,0,0,0,0,0,0,0,0,0,0,0,0,0,0,0,0,0,0,0,0,0,0,0,0,0,0,0,0,0,0,0,0,0,0,0,0,0,0,0,0,0,0,0,0,0,0,0,0,0,0,0,0,0,0,0,0,0,0,0,0,0,0,0,0,0,0,0,0,0,0,0,0,0,0,0,0,0,0,0,0,0,0,0,0,0,0,0,0,0,0,0,0,0,0,0,0,0,0,0,0,0,0,0,0,0,0,0,0,0
020393,00000,Capital Blue Cross Companies (G),137932,0,0,0,0,0,137932,0,0,0,0,0,0,0,1251,0,1820,912,0,0,3983,8117,3130,0,0,0,0,11246,0,0,0,0,0,0,0,78304,0,0,0,0,0,78304,345166,194836,10208,2563,120,0,552892,0,0,0,0,0,0,0,133803,0,0,0,0,0,133803,0,0,0,0,0,0,0,3059,1204,0,0,0,0,4263,34648,1030,0,0,0,0,35677,0,0,0,0,0,0,0,94273,0,0,0,0,0,94273,356263,209184,3111,690,0,0,569248,0,0,0,0,0,0,0,122544,0,0,0,0,0,122544,0,0,0,0,0,0,0,4387,982,0,0,0,0,5370,41909,0,0,1001,0,0,42910,10811,0,0,0,0,0,10811,85101,0,0,0,0,0,85101,245725,249281,6794,2302,0,0,504102,0,0,0,0,0,0,0,17219,0,0,0,0,0,17219,0,0,0,0,0,0,0,6150,982,0,0,0,0,7132,71156,0,0,1000,0,0,72156,94222,0,0,0,0,0,94222,83994,0,0,0,0,0,83994,249450,221886,9528,1100,0,963,482927,0,0,0,0,0,0,0,61432,0,0,0,0,0,61432,0,0,0,0,0,0,0,30753,4132,0,0,0,0,34886,78804,0,0,1001,0,0,79806,89062,3115,0,0,0,0,92177,48535,0,0,0,0,0,48535,224266,198836,16583,2074,0,967,442725,0,0,0,0,0,0,0,78276,0,0,0,0,0,78276,0,0,0,0,0,0,0,18844,4603,0,0,0,0,23447,69329,1864,0,1000,0,0,72194,98779,6706,0,0,0,0,105486,29189,0,0,0,0,0,29189,206444,200997,5264,564,0,977,414247,0,0,0,0,0,0,0
070916,00000,CareFirst Inc Group (G),539829,0,0,0,0,0,539829,0,0,0,0,0,0,0,4658,0,0,0,0,0,4658,12976,0,0,0,0,0,12976,5441,0,0,0,0,0,5441,537145,4500,0,0,0,0,541645,478257,241984,2554,3693,4498,0,730986,0,0,0,0,0,0,0,519452,0,0,0,0,0,519452,0,0,0,0,0,0,0,6147,0,0,0,0,0,6147,16616,0,0,0,0,0,16616,3403,0,0,0,0,0,3403,440489,4500,0,0,0,0,444989,512265,205623,0,4650,0,0,722538,0,0,0,0,0,0,0,387201,0,0,0,0,0,387201,0,0,0,0,0,0,0,10453,1384,0,0,0,0,11837,25338,0,0,0,0,0,25338,9426,0,0,0,0,0,9426,398828,5175,0,0,0,0,404003,382514,216691,194,1396,1866,0,602660,0,0,0,0,0,0,0,483764,0,0,0,0,0,483764,0,0,0,0,0,0,0,14146,5171,0,0,0,0,19316,26435,0,0,0,0,0,26435,8337,0,0,0,0,0,8337,374397,0,0,0,0,0,374397,550586,264538,384,1936,1721,0,819166,504,0,0,0,0,0,504,255804,0,0,0,0,0,255804,0,0,0,0,0,0,0,9835,9090,0,0,0,0,18925,14527,0,0,0,0,0,14527,5257,0,0,0,0,0,5257,305896,0,0,0,0,0,305896,574403,332160,3132,3934,350,0,913979,829,0,0,0,2799,1699,5328,301239,0,0,0,0,0,301239,0,0,0,0,0,0,0,10077,12786,0,0,0,0,22863,3710,6511,0,0,0,0,10221,4249,0,0,0,0,0,4249,271552,0,0,0,0,0,271552,550800,319742,561,1322,357,0,872782,3118,2105,0,0,0,0,5223
070853,00000,CareSource Group (G),4439,0,0,0,0,0,4439,0,0,0,0,0,0,0,75981,0,0,0,0,0,75981,0,0,0,0,0,0,0,0,0,0,0,0,0,0,7298,0,0,0,0,0,7298,139919,45647,0,0,0,0,185566,0,0,0,0,0,0,0,4058,0,0,0,0,0,4058,0,0,0,0,0,0,0,97809,0,0,0,0,0,97809,0,0,0,0,0,0,0,7601,0,0,0,0,0,7601,0,0,0,0,0,0,0,168211,82133,0,0,0,0,250344,0,0,0,0,0,0,0,3765,0,0,0,0,0,3765,0,0,0,0,0,0,0,0,0,0,0,0,0,0,0,0,0,0,0,0,0,3201,0,0,0,0,0,3201,74870,0,0,0,0,0,74870,238002,189673,4993,0,0,0,432667,0,0,0,0,0,0,0,3116,0,0,0,0,0,3116,0,0,0,0,0,0,0,0,0,0,0,0,0,0,0,0,0,0,0,0,0,2385,0,0,0,0,0,2385,55786,0,0,0,0,0,55786,335024,212217,1018,1004,0,0,549263,0,0,0,0,0,0,0,2680,0,0,0,0,0,2680,0,0,0,0,0,0,0,0,0,0,0,0,0,0,0,0,0,0,0,0,0,2384,0,0,0,0,0,2384,52135,0,0,0,0,0,52135,373865,194064,1003,0,0,0,568933,0,0,0,0,0,0,0,1631,0,0,0,0,0,1631,0,0,0,0,0,0,0,0,0,0,0,0,0,0,0,0,0,0,0,0,0,2384,0,0,0,0,0,2384,41490,0,0,0,0,0,41490,374347,416377,5914,0,0,0,796638,0,0,0,0,0,0,0
070918,00000,Centene Corporation Companies (G),30287,0,0,0,0,0,30287,0,0,0,0,0,0,0,0,0,0,0,0,0,0,28421,0,0,0,0,0,28421,52130,0,0,0,0,0,52130,400258,5485,0,0,17330,0,423073,564724,1728,0,0,0,0,566452,0,0,0,0,0,0,0,39363,0,0,0,0,0,39363,0,0,0,0,0,0,0,0,0,0,0,0,0,0,28230,0,0,0,0,0,28230,54352,0,0,0,0,0,54352,391194,6197,0,13305,4000,0,414696,526367,12415,0,0,0,0,538782,0,0,0,0,0,0,0,126871,0,0,0,0,0,126871,0,0,0,0,0,0,0,0,0,0,0,0,0,0,30242,0,0,0,0,0,30242,35712,0,0,0,0,0,35712,282227,3529,0,17165,0,0,302922,731466,64171,0,517,0,0,796154,0,0,0,0,0,0,0,239529,0,0,0,0,0,239529,0,0,0,0,0,0,0,0,0,0,0,0,0,0,18080,0,0,0,0,0,18080,19612,0,0,0,0,0,19612,288237,4560,0,18065,0,0,310863,818277,97475,311,0,0,0,916063,0,0,0,0,0,0,0,383060,0,0,0,0,0,383060,0,0,0,0,0,0,0,0,0,0,0,0,0,0,8419,0,0,0,0,0,8419,14653,0,0,0,0,0,14653,357839,3791,0,17710,0,0,379340,1320828,210263,317,0,0,0,1531408,0,0,0,0,0,0,0,433690,0,0,0,0,0,433690,0,0,0,0,0,0,0,0,0,0,0,0,0,0,3206,520,0,0,0,0,3725,9770,513,0,0,0,0,10283,536770,58718,0,17420,0,0,612908,1180444,296722,327,0,0,0,1477494,0,0,0,0,0,0,0
070892,00000,Delta Dental of California Group (G),28711,0,0,0,0,0,28711,0,0,0,0,0,0,0,0,0,0,0,0,0,0,0,0,0,0,0,0,0,0,0,0,0,0,0,0,5515,203,0,0,0,0,5719,87319,1800,100,0,50,0,89269,0,0,0,0,0,0,0,22793,4650,0,0,0,0,27443,0,0,0,0,0,0,0,0,0,0,0,0,0,0,0,0,0,0,0,0,0,0,0,0,0,0,0,0,2926,201,0,0,0,0,3127,104039,2668,0,0,0,0,106707,0,0,0,0,0,0,0,9713,0,0,0,0,0,9713,0,0,0,0,0,0,0,1111,3684,0,0,0,0,4795,0,0,0,0,0,0,0,0,0,0,0,0,0,0,8629,714,0,0,0,0,9343,116206,10281,0,0,0,0,126487,0,0,0,0,0,0,0,8653,0,0,0,0,0,8653,0,0,0,0,0,0,0,1087,0,0,0,0,0,1087,481,310,0,0,0,0,791,599,0,0,0,0,0,599,12178,1338,0,0,0,0,13516,142206,23788,0,0,0,0,165994,0,0,0,0,0,0,0,8280,0,0,0,0,0,8280,0,0,0,0,0,0,0,2103,0,0,0,0,0,2103,5548,0,0,0,0,0,5548,1828,0,0,0,0,0,1828,14291,0,609,885,0,0,15785,146366,21668,0,0,0,0,168034,0,0,0,0,0,0,0,7744,0,0,0,0,0,7744,0,0,0,0,0,0,0,1948,0,0,0,0,0,1948,7904,413,0,0,0,0,8317,2053,100,0,0,0,0,2152,13367,0,0,0,0,494,13861,156194,35327,0,0,0,0,191521,0,0,0,0,0,0,0
020434,00000,EmblemHealth Group (G),507370,0,0,0,0,0,507370,0,0,0,0,0,0,0,13128,0,0,0,0,0,13128,23701,0,0,0,0,0,23701,14523,0,0,0,0,0,14523,515053,0,0,0,0,0,515053,608926,95181,3050,0,0,137,707294,1573,4987,1202,0,0,0,7762,453840,0,0,0,0,0,453840,0,0,0,0,0,0,0,12513,0,0,0,0,0,12513,23038,0,0,0,0,0,23038,18726,0,0,0,0,0,18726,476202,0,0,0,0,0,476202,619804,117286,2506,1825,0,111,741532,1885,5656,554,0,0,0,8096,244618,0,0,0,0,0,244618,0,0,0,0,0,0,0,10717,3250,0,0,0,0,13967,28958,0,0,0,0,0,28958,21119,0,0,0,0,0,21119,501495,0,0,0,0,0,501495,866591,113709,212,338,0,0,980850,4036,2844,0,0,0,0,6880,197979,0,0,0,0,0,197979,0,0,0,0,0,0,0,6480,0,0,0,0,0,6480,43537,0,0,0,0,0,43537,23428,0,0,0,0,0,23428,564075,0,0,0,0,0,564075,861728,139255,630,180,0,0,1001793,1988,2984,1971,0,0,1,6943,159398,0,0,0,0,0,159398,0,0,0,0,0,0,0,3143,0,0,0,0,0,3143,19815,0,0,0,0,0,19815,24850,0,0,0,0,0,24850,461077,0,0,0,0,0,461077,721975,82817,251,0,0,0,805043,2058,2993,1971,0,0,0,7023,48239,0,0,0,0,0,48239,0,0,0,0,0,0,0,697,0,0,0,0,0,697,15220,2278,0,0,0,0,17498,14677,0,0,0,0,0,14677,293775,0,0,0,0,0,293775,495394,72279,0,0,0,0,567673,2145,1926,972,0,0,0,5044
060082,55107,Excellus Health Plan Inc,199089,0,0,0,0,0,199089,0,0,0,0,0,0,0,0,0,0,0,0,0,0,6656,0,0,0,0,0,6656,0,0,0,0,0,0,0,189973,0,0,0,0,0,189973,485368,292882,16143,5661,0,1766,801819,0,0,0,0,0,0,0,230862,0,0,0,0,0,230862,0,0,0,0,0,0,0,0,0,0,0,0,0,0,2647,0,0,0,0,0,2647,0,0,0,0,0,0,0,270184,0,0,0,0,0,270184,453460,375369,0,3658,0,200,832687,3389,0,0,0,0,0,3389,249498,0,0,0,0,0,249498,0,0,0,0,0,0,0,0,0,0,0,0,0,0,1597,0,0,0,0,0,1597,0,0,0,0,0,0,0,267686,0,0,0,0,0,267686,519989,382838,8345,0,0,91,911262,0,0,0,0,0,0,0,178515,0,0,0,0,0,178515,0,0,0,0,0,0,0,181,0,0,0,0,0,181,1686,0,0,0,0,0,1686,4406,0,0,0,0,0,4406,291490,0,0,0,0,0,291490,583045,394256,22278,0,0,0,999579,7443,2210,0,0,0,0,9652,222231,0,0,0,0,0,222231,0,0,0,0,0,0,0,0,0,0,0,0,0,0,1240,0,0,0,0,0,1240,2967,0,0,0,0,0,2967,301204,817,0,0,0,0,302022,578046,348452,22796,0,0,0,949295,3634,1108,0,0,0,0,4742,278437,0,0,0,0,0,278437,0,0,0,0,0,0,0,151,0,0,0,0,0,151,933,0,0,0,0,0,933,2952,0,0,0,0,0,2952,246861,657,0,0,0,0,247518,565336,354854,21080,640,0,0,941910,0,0,0,0,0,0,0
070960,00000,Group Health Cooperative of Puget Sound (G),131403,0,0,0,0,0,131403,0,0,0,0,0,0,0,18570,446,0,0,0,0,19015,4875,0,0,0,0,0,4875,4291,0,0,0,0,0,4291,170747,0,0,0,0,0,170747,340451,81279,1055,966,4456,0,428208,0,0,0,0,0,0,0,260959,0,0,0,0,0,260959,0,0,0,0,0,0,0,19431,0,0,0,0,0,19431,2492,0,0,0,0,0,2492,5602,0,0,0,0,0,5602,126437,579,0,300,0,0,127316,419619,31902,21346,16767,97,0,489732,0,0,0,0,0,0,0,140389,0,0,0,0,0,140389,0,0,0,0,0,0,0,2349,0,0,0,0,0,2349,4560,0,0,0,0,0,4560,4557,0,0,0,0,0,4557,202324,1182,0,0,0,0,203506,263791,42032,25384,14557,142,0,345906,0,0,0,0,0,0,0,131366,0,0,0,0,0,131366,0,0,0,0,0,0,0,5852,0,0,0,0,0,5852,4365,0,0,0,0,0,4365,4826,0,0,0,0,0,4826,206433,843,0,0,0,0,207276,239437,72896,26450,17160,2336,2226,360506,0,0,0,0,0,0,0,117994,0,0,0,0,0,117994,0,0,0,0,0,0,0,8010,0,0,0,0,0,8010,2937,0,0,0,0,0,2937,4157,0,0,0,0,0,4157,204616,834,0,0,0,0,205449,337658,101336,27524,20032,68,0,486618,0,0,0,0,0,0,0,131594,0,0,0,0,0,131594,0,0,0,0,0,0,0,7706,0,0,0,0,0,7706,2874,0,0,0,0,0,2874,3691,0,0,0,0,0,3691,216565,1115,0,0,0,0,217680,279098,122082,31263,19808,1208,0,453459,0,0,0,0,0,0,0
070929,00000,Health Care Service Corp Health Group (G),1645083,0,0,0,0,0,1645083,0,0,0,0,0,0,0,63995,0,0,0,0,0,63995,5106,0,0,0,0,0,5106,15639,0,0,0,0,0,15639,816680,0,0,0,0,0,816680,3804682,363683,164,857,0,0,4169386,0,0,0,0,0,0,0,3411850,0,0,0,0,0,3411850,0,0,0,0,0,0,0,43244,0,2496,0,0,0,45740,10247,0,0,0,0,0,10247,12049,0,0,0,0,0,12049,491362,0,0,0,0,0,491362,3661844,411471,1015,1044,0,0,4075374,0,0,0,0,0,0,0,3680440,0,0,0,0,0,3680440,0,0,0,0,0,0,0,56692,0,2887,0,0,0,59578,9972,0,0,0,0,0,9972,3952,0,0,0,0,0,3952,433951,0,0,0,0,0,433951,3583374,492306,2907,0,0,0,4078586,0,0,0,0,0,0,0,4030148,0,0,0,0,0,4030148,0,0,0,0,0,0,0,71973,0,2970,0,0,0,74943,10921,0,0,0,0,0,10921,2550,0,0,0,0,0,2550,431528,0,0,0,0,0,431528,3360418,653001,11399,0,0,0,4024817,0,0,0,0,0,0,0,2588195,0,0,0,0,0,2588195,0,0,0,0,0,0,0,54866,0,2999,0,0,0,57865,13611,0,0,0,0,0,13611,21164,0,0,0,0,0,21164,476711,0,0,0,0,0,476711,3975330,898763,7299,0,0,0,4881391,0,0,0,0,0,0,0,2000881,0,0,0,0,0,2000881,0,0,0,0,0,0,0,25625,0,0,0,0,0,25625,11235,2437,0,0,0,0,13672,20665,0,0,0,0,0,20665,476370,0,2093,0,0,0,478462,3255260,1566181,20243,0,6530,0,4848214,4661,20924,0,0,0,0,25585
070930,00000,HealthPartners Inc Group (G),112238,0,0,0,0,0,112238,0,0,0,0,0,0,0,551,0,0,0,0,0,551,794,0,0,0,0,0,794,6417,0,0,0,0,0,6417,186920,0,0,0,0,0,186920,251451,33054,3832,949,1133,825,291244,0,0,0,0,0,0,0,441105,0,0,0,0,0,441105,0,0,0,0,0,0,0,3103,0,0,0,0,0,3103,3477,0,0,0,0,0,3477,37678,1050,0,0,0,0,38728,110095,527,0,0,0,0,110622,266766,42347,261,706,109,1374,311563,0,0,0,0,0,0,0,227136,0,0,0,0,0,227136,0,0,0,0,0,0,0,1041,0,0,0,0,0,1041,7856,0,0,0,0,0,7856,38938,543,0,0,0,0,39481,312352,513,0,0,0,0,312865,277941,60053,223,495,477,0,339189,0,0,0,0,0,0,0,335380,0,0,0,0,0,335380,0,0,0,0,0,0,0,1444,0,0,0,0,0,1444,7665,0,0,0,0,0,7665,38461,0,0,0,0,0,38461,359473,604,0,0,0,0,360077,224724,59600,1267,0,0,0,285591,0,0,0,0,0,0,0,299809,0,0,0,0,0,299809,0,0,0,0,0,0,0,3915,0,0,0,0,0,3915,3288,0,0,0,0,0,3288,31073,0,0,0,0,0,31073,443354,916,0,0,0,0,444270,256221,63097,944,245,0,0,320507,0,0,0,0,0,0,0,309601,0,0,0,0,0,309601,0,0,0,0,0,0,0,200,0,0,0,0,0,200,2838,0,0,0,0,0,2838,25494,790,0,0,0,0,26284,511093,905,0,0,0,0,511998,236859,80331,506,0,0,0,317696,0,0,0,0,0,0,0
070895,00000,Highmark Health Companies (G),1166186,0,0,0,0,0,1166186,0,0,0,0,0,0,0,21078,490,0,0,0,0,21568,7250,0,0,0,0,0,7250,6532,0,0,0,0,0,6532,288876,0,0,0,0,0,288876,1855926,239521,67579,95014,0,0,2258039,10050,10000,1167,0,0,0,21217,1198507,0,0,0,0,0,1198507,0,0,0,0,0,0,0,20860,269,0,0,0,0,21129,7620,548,0,0,0,0,8169,4606,0,0,0,0,0,4606,560855,0,0,0,0,0,560855,2351396,335008,85127,98828,661,894,2871914,11017,7000,0,0,0,0,18017,714410,0,0,0,0,0,714410,0,0,0,0,0,0,0,18768,191,0,0,0,0,18959,6896,542,0,0,0,0,7438,813,0,0,0,0,0,813,985101,0,0,0,0,0,985101,2256884,458342,148036,235723,6230,0,3105216,8318,7000,1708,0,0,0,17026,594705,0,0,0,0,0,594705,0,0,0,0,528649,45181,573829,9642,1880,0,0,0,0,11522,6505,535,0,0,0,0,7040,5706,0,0,0,0,0,5706,798950,0,0,0,0,0,798950,2005472,329271,134918,188679,1786,0,2660126,230,259,884,0,0,0,1373,553419,0,0,0,0,0,553419,0,0,0,0,0,0,0,6733,1991,0,0,0,0,8724,6941,0,0,0,0,0,6941,23229,0,0,0,0,0,23229,748325,0,0,0,0,0,748325,1403907,262565,148970,177826,3518,0,1996786,230,154,968,0,129,0,1481,438302,0,0,0,0,0,438302,0,0,0,0,0,0,0,1053,57,0,0,0,0,1111,4303,236,0,0,0,0,4539,7489,230,0,0,0,0,7719,536609,0,0,0,0,0,536609,1711091,273751,111179,120226,9961,796,2227005,687,2279,0,0,0,0,2966
070932,00000,Horizon Healthcare Services Companies (G),1497507,0,0,0,0,0,1497507,0,0,0,0,0,0,0,0,0,0,0,0,0,0,1357,0,0,0,0,0,1357,1112,0,0,0,0,0,1112,302991,0,0,0,0,0,302991,403598,221167,57633,111770,13716,0,807884,0,0,0,0,0,0,0,1384328,0,0,0,0,0,1384328,0,0,0,0,0,0,0,1173,0,0,0,0,0,1173,1089,0,0,0,0,0,1089,416,0,0,0,0,0,416,358834,0,0,0,0,0,358834,366449,234203,71368,143906,17728,0,833653,521,463,0,0,0,0,984,784885,0,0,0,0,0,784885,0,0,0,0,0,0,0,6943,0,0,0,0,0,6943,877,0,0,0,0,0,877,415,0,0,0,0,0,415,782558,0,0,0,0,0,782558,401945,270752,92350,123479,15932,0,904458,743,0,0,0,0,0,743,825248,0,0,0,0,0,825248,0,0,0,0,0,0,0,9831,1512,0,0,0,0,11344,3852,0,0,0,0,0,3852,3271,0,0,0,0,0,3271,845354,25981,2836,0,0,0,874171,461151,424760,107581,125470,21042,3031,1143034,521,0,0,0,0,0,521,828431,0,0,0,0,0,828431,0,0,0,0,0,0,0,5583,4001,0,0,0,0,9585,4882,0,0,0,0,0,4882,1849,0,0,0,0,0,1849,817432,29963,9606,0,0,0,857001,581574,357219,103080,133156,21898,0,1196927,521,0,0,0,0,0,521,864530,0,0,0,0,0,864530,0,0,0,0,0,0,0,2507,4921,0,0,0,0,7429,2728,2038,0,0,0,0,4766,993,0,0,0,0,0,993,819622,29035,9857,0,0,0,858514,614668,381350,140083,195515,29454,0,1361070,521,450,0,0,0,0,971
070970,00000,Humana Health Companies (G),1529788,0,0,0,0,0,1529788,0,0,0,0,0,0,0,0,0,0,0,0,0,0,762114,47302,0,0,0,0,809416,136721,8184,0,0,0,0,144905,2813866,44605,0,4477,0,2005,2864953,1521280,744186,357218,44165,2145,0,2668994,0,0,0,0,0,0,0,1374311,0,0,0,0,0,1374311,0,0,0,0,0,0,0,0,0,0,0,0,0,0,864013,17071,0,0,0,0,881084,142141,3163,0,0,0,0,145303,3105374,26559,0,4501,0,702,3137136,1211369,982047,436469,51151,1796,14,2682844,0,0,0,0,0,0,0,1182855,0,0,0,0,0,1182855,0,0,0,0,0,0,0,0,0,0,0,0,0,0,932014,7228,0,2100,0,0,941341,181848,14230,0,0,0,0,196079,2960664,18049,0,4556,0,0,2983269,1355709,1171907,339814,72096,2,0,2939528,0,0,0,0,0,0,0,844341,0,0,0,0,0,844341,0,0,0,0,0,0,0,0,0,0,0,0,0,0,1077217,19950,0,2100,0,0,1099268,235899,12370,0,0,0,0,248269,3021611,9454,0,4573,0,0,3035638,1311060,1139556,392076,54985,0,8,2897684,0,0,0,0,0,0,0,683907,0,0,0,0,0,683907,0,0,0,0,0,0,0,0,0,0,0,0,0,0,1108859,16844,0,0,0,0,1125703,257632,0,0,0,0,0,257632,2644743,0,4561,0,0,0,2649305,1408750,1111518,278178,46917,0,9,2845371,0,0,0,0,0,0,0,940526,0,0,0,0,0,940526,0,0,0,0,0,0,0,0,0,0,0,0,0,0,760716,8639,0,0,0,0,769355,283215,0,0,0,0,0,283215,2899145,28875,0,0,0,0,2928020,2039627,627750,139888,31643,0,11,2838918,0,0,0,0,0,0,0
070982,00000,Independence Blue Cross Group (G),260864,0,0,0,0,0,260864,0,0,0,0,0,0,0,7019,0,0,0,0,0,7019,90499,3459,0,0,0,0,93958,13887,421,0,0,0,0,14307,108439,1320,0,0,0,0,109759,457584,134435,59905,62461,3689,21,718095,1109,199,0,0,0,0,1307,648226,0,0,0,0,0,648226,0,0,0,0,0,0,0,0,0,0,0,0,0,0,108798,4316,0,0,0,0,113114,36738,786,0,0,0,0,37524,395015,6447,0,0,0,0,401462,500259,216056,56154,79882,7161,0,859513,0,0,0,0,0,0,0,532082,2200,0,0,0,0,534282,0,0,0,0,0,0,0,0,0,0,0,0,0,0,59306,0,0,0,0,0,59306,48223,0,0,0,0,0,48223,511038,23151,1239,0,0,0,535428,484455,283587,90152,88641,8852,2702,958389,0,0,0,0,0,0,0,547069,2242,0,0,0,0,549311,0,0,0,0,0,0,0,0,0,0,0,0,0,0,57161,0,0,0,0,0,57161,46180,0,0,0,0,0,46180,350161,30413,0,0,0,0,380574,600590,275281,75426,56365,675,0,1008336,0,0,0,0,0,0,0,582377,0,909,0,0,0,583286,0,0,0,0,0,0,0,0,149,0,0,0,0,149,55007,0,0,0,0,0,55007,44808,1303,137,0,0,0,46248,324977,27880,889,0,0,0,353746,387840,291631,100334,60856,1984,1037,843682,0,0,0,0,0,0,0,614757,0,931,0,0,0,615688,0,0,0,0,0,0,0,0,151,0,0,0,0,151,47776,3570,0,0,0,0,51346,44015,0,322,0,0,0,44337,306670,22541,5458,0,0,0,334669,447938,293020,100123,51485,3598,29,896194,0,0,0,0,0,0,0
070936,00000,Kaiser Foundation Group of Health Plans (G),417492,0,0,0,0,0,417492,0,0,0,0,0,0,0,6151,779,0,0,0,0,6930,1374,0,0,0,0,0,1374,8814,0,0,0,0,0,8814,64515,0,0,0,0,0,64515,570319,118756,502,0,0,0,689577,0,0,0,0,0,0,0,545400,0,0,0,0,0,545400,0,0,0,0,0,0,0,10270,2061,0,0,0,0,12331,14455,0,0,0,0,0,14455,2063,0,0,0,0,0,2063,170292,0,0,0,0,0,170292,944674,199734,1592,245,307,1194,1147748,0,0,0,0,0,0,0,618853,0,0,0,0,0,618853,0,0,0,0,0,0,0,10425,2643,0,0,0,0,13068,11707,0,0,0,0,0,11707,1777,0,0,0,0,0,1777,244520,0,0,0,0,0,244520,833867,279194,2911,0,0,0,1115971,0,0,0,0,0,0,0,554463,0,0,0,0,0,554463,0,0,0,0,0,0,0,4139,1221,0,0,0,0,5360,3015,0,0,0,0,0,3015,1789,0,0,0,0,0,1789,189568,0,0,0,0,0,189568,955312,309001,2420,0,0,0,1266733,0,0,0,0,0,0,0,563835,0,0,0,0,0,563835,0,0,0,0,0,0,0,8472,1204,0,0,0,0,9676,3095,0,0,0,0,0,3095,0,0,0,0,0,0,0,171550,0,0,0,0,0,171550,1037588,360947,5904,1055,97,61,1405654,0,512,0,0,0,0,512,725146,0,0,0,0,0,725146,0,0,0,0,0,0,0,14890,1098,0,0,0,0,15988,425,1130,0,0,0,0,1555,0,0,0,0,0,0,0,124337,0,0,0,0,0,124337,1049188,471581,4028,815,396,0,1526008,501,0,0,0,0,0,501
064652,00000,Local Initiative Health Authority of LA,0,0,0,0,0,0,0,0,0,0,0,0,0,0,0,0,0,0,0,0,0,0,0,0,0,0,0,0,0,0,0,0,0,0,0,0,0,0,0,0,0,0,0,0,0,0,0,0,0,0,0,0,0,0,0,0,0,0,0,0,0,0,0,0,0,0,0,0,0,0,0,0,0,0,0,0,0,0,0,0,0,0,0,0,0,0,0,0,0,0,0,0,0,0,0,0,0,0,0,0,0,0,0,0,0,0,0,0,0,0,0,0,0,0,0,0,0,0,0,0,0,0,0,0,0,0,0,0,0,0,0,0,0,0,0,0,0,0,0,0,0,0,0,0,0,0,0,0,0,0,0,0,0,0,0,0,0,0,0,0,0,0,0,0,0,0,0,0,0,0,0,0,0,0,0,0,0,0,0,0,0,0,0,0,0,0,0,0,0,0,0,0,0,0,0,0,0,0,0,0,0,0,0,0,0,0,0,0,0,0,0,0,0,0,0,0,0,0,0,0,0,0,0,0,0,0,0,0,0,0,0,0,0,0,0,0,0,0,0,0,0,0,0,0,0,0,0,0,0,0,0,0,0,0,0,0,0,0,0,0,0,0,0,0,0,0,0,0,0,0,0,0,0,0,0,0,0,0,0,0,0,0,0,0,0,0,0,0,0,0,0,0,0,0,0,0,0,0,0,0,0,0,0,0,0,0,0,0,0,0,0,0,0,0,0,0,0,0,0,0,0,0,0,0,0,0,0,0,0,0,0,0,0,0,0,0
070997,00000,Louisiana Health Services Group (G),147091,0,0,0,0,0,147091,0,0,0,0,0,0,0,0,0,0,0,0,0,0,0,0,0,0,0,0,0,51096,3127,0,0,0,0,54223,269626,7634,0,0,0,0,277260,95071,40273,7576,1841,0,10,144772,0,597,874,0,0,0,1471,171832,0,0,0,0,0,171832,0,0,0,0,0,0,0,0,0,0,0,0,0,0,0,0,0,0,0,0,0,75701,3554,0,0,0,0,79255,314070,9248,0,0,0,0,323318,99376,45910,12615,3079,0,208,161189,0,597,468,0,0,0,1065,204117,0,0,0,0,0,204117,0,0,0,0,0,0,0,0,0,0,0,0,0,0,0,0,0,0,0,0,0,88846,3087,0,0,0,0,91933,353515,4025,0,0,0,0,357539,87363,46375,7469,2126,0,0,143333,0,459,466,0,0,0,925,222492,0,0,0,0,0,222492,0,0,0,0,0,0,0,0,0,0,0,0,0,0,0,0,0,0,0,0,0,108836,3065,0,0,0,0,111901,365906,2182,0,0,0,0,368088,162722,49354,12561,4131,1415,0,230183,0,459,470,0,0,0,929,112282,0,0,0,0,0,112282,0,0,0,0,0,0,0,0,0,0,0,0,0,0,25035,0,0,0,0,0,25035,106302,0,0,0,0,0,106302,378498,0,0,0,0,0,378498,228071,63873,14329,5479,803,0,312555,0,3892,664,0,0,0,4556,107877,0,0,0,0,0,107877,0,0,0,0,0,0,0,0,0,0,0,0,0,0,17916,0,0,0,0,0,17916,100160,0,0,0,0,0,100160,320697,500,0,0,0,0,321197,309040,50640,10533,2814,477,73,373575,0,1533,1144,0,0,0,2676
070102,00000,Medco Containment Group (G),53795,0,0,0,0,0,53795,0,0,0,0,0,0,0,0,0,0,0,0,0,0,1019,0,0,0,0,0,1019,0,0,0,0,0,0,0,0,0,0,0,0,0,0,0,0,0,0,0,0,0,0,0,0,0,0,0,0,8320,0,0,0,0,0,8320,0,0,0,0,0,0,0,0,0,0,0,0,0,0,1107,0,0,0,0,0,1107,0,0,0,0,0,0,0,0,0,0,0,0,0,0,0,0,0,0,0,0,0,0,0,0,0,0,0,0,8422,0,0,0,0,0,8422,0,0,0,0,0,0,0,0,0,0,0,0,0,0,1082,0,0,0,0,0,1082,0,0,0,0,0,0,0,0,0,0,0,0,0,0,0,0,0,0,0,0,0,0,0,0,0,0,0,0,32857,0,0,0,0,0,32857,0,0,0,0,0,0,0,0,0,0,0,0,0,0,1057,0,0,0,0,0,1057,0,0,0,0,0,0,0,0,0,0,0,0,0,0,0,0,0,0,0,0,0,0,0,0,0,0,0,0,766367,0,0,0,0,0,766367,0,0,0,0,0,0,0,0,0,0,0,0,0,0,1034,0,0,0,0,0,1034,0,0,0,0,0,0,0,0,0,0,0,0,0,0,0,0,0,0,0,0,0,0,0,0,0,0,0,0,222752,0,0,0,0,0,222752,0,0,0,0,0,0,0,0,0,0,0,0,0,0,911,0,0,0,0,0,911,0,0,0,0,0,0,0,0,0,0,0,0,0,0,0,0,0,0,0,0,0,0,0,0,0,0,0,0
070902,00000,Medica Holding Companies (G),342093,0,0,0,0,0,342093,0,0,0,0,0,0,0,0,455,0,0,0,0,455,22053,0,0,0,0,0,22053,52253,1191,0,0,0,0,53444,216414,22916,0,0,0,0,239330,146851,36171,3655,2579,256,228,189740,0,0,0,0,0,0,0,323457,0,0,0,0,0,323457,0,0,0,0,0,0,0,0,454,0,0,0,0,454,17318,0,0,0,0,0,17318,48375,0,0,0,0,0,48375,255974,19250,0,0,0,0,275224,287629,53906,1919,289,0,132,343875,0,0,0,0,0,0,0,81421,0,0,0,0,0,81421,0,0,0,0,0,0,0,868,0,0,0,0,0,868,18632,0,0,0,0,0,18632,54088,0,0,0,0,0,54088,445071,24035,489,0,0,0,469595,264570,63529,3908,178,28,0,332213,0,0,0,0,0,0,0,79978,0,0,0,0,0,79978,0,0,0,0,0,0,0,851,0,0,0,0,0,851,22624,0,0,0,0,0,22624,61688,0,0,0,0,0,61688,406439,18545,0,0,0,0,424984,173943,72415,3037,0,0,0,249395,45,20,0,0,0,0,64,56795,0,0,0,0,0,56795,0,0,0,0,0,0,0,0,0,0,0,0,0,0,18977,0,0,0,0,0,18977,49820,0,0,0,0,0,49820,509035,19771,0,0,2188,0,530994,261141,70630,2652,0,0,0,334424,20,0,0,0,0,0,20,73512,0,0,0,0,0,73512,0,0,0,0,0,0,0,0,0,0,0,0,0,0,13514,2682,0,0,0,0,16196,27147,6825,0,0,0,0,33972,594897,20823,0,0,1483,0,617203,208630,68639,9641,0,0,0,286910,0,20,0,0,0,0,20
020468,00000,Medical Mutual of Ohio Group (G),681955,0,0,0,0,0,681955,0,0,0,0,0,0,0,8479,0,0,0,0,0,8479,0,0,0,0,0,0,0,0,0,0,0,0,0,0,6018,0,0,0,0,0,6018,273481,10869,2928,0,0,0,287278,0,0,0,0,0,0,0,593068,0,0,0,0,0,593068,0,0,0,0,0,0,0,8482,0,0,0,0,0,8482,0,0,0,0,0,0,0,0,0,0,0,0,0,0,9477,0,0,0,0,0,9477,329815,31589,0,0,0,0,361404,0,0,0,0,0,0,0,273897,0,0,0,0,0,273897,0,0,0,0,0,0,0,8486,0,0,0,0,0,8486,0,0,0,0,0,0,0,0,0,0,0,0,0,0,389285,0,0,0,0,0,389285,272987,79598,0,0,0,0,352585,0,0,0,0,0,0,0,247039,0,0,0,0,0,247039,0,0,0,0,0,0,0,8491,0,0,0,0,0,8491,0,0,0,0,0,0,0,0,0,0,0,0,0,0,421798,0,0,0,0,0,421798,299631,90123,0,0,0,0,389754,0,0,0,0,0,0,0,233716,0,0,0,0,0,233716,0,0,0,0,0,0,0,8495,0,0,0,0,0,8495,0,0,0,0,0,0,0,5261,0,0,0,0,0,5261,459035,0,0,0,0,0,459035,314126,113175,0,0,0,0,427301,0,0,0,0,0,0,0,230559,0,0,0,0,0,230559,0,0,0,0,0,0,0,5499,0,0,0,0,0,5499,0,0,0,0,0,0,0,5129,0,0,0,0,0,5129,462226,0,0,0,0,0,462226,350035,134562,0,0,0,0,484597,0,0,0,0,0,0,0
020326,00000,Molina Healthcare Group (G),230682,0,0,0,0,0,230682,0,0,0,0,0,0,0,511,0,0,0,0,0,511,23889,0,590,0,0,0,24478,16849,0,0,0,0,0,16849,0,0,0,0,0,0,0,316193,0,0,0,0,0,316193,0,0,0,0,0,0,0,157784,0,0,0,0,0,157784,0,0,0,0,0,0,0,0,0,0,0,0,0,0,12658,0,0,0,0,0,12658,11478,0,0,0,0,0,11478,39313,0,0,0,0,0,39313,453502,78821,0,0,0,0,532324,0,0,0,0,0,0,0,107275,0,0,0,0,0,107275,0,0,0,0,0,0,0,0,0,0,0,0,0,0,12546,0,0,0,0,0,12546,23087,0,0,0,0,0,23087,75534,274,3348,0,0,0,79156,589698,61296,0,0,0,0,650994,0,0,0,0,0,0,0,115529,0,0,0,0,0,115529,0,0,0,0,0,0,0,0,0,0,0,0,0,0,12794,0,0,0,0,0,12794,32247,0,0,0,0,0,32247,70709,2220,3492,0,0,0,76421,646738,117361,241,2009,250,490,767089,0,0,0,0,0,0,0,190512,0,0,0,0,0,190512,0,0,0,0,0,0,0,0,0,0,0,0,0,0,31268,0,0,0,0,0,31268,30656,0,0,0,0,0,30656,154746,0,0,0,0,0,154746,868735,335348,2005,240,0,0,1206328,0,0,0,0,0,0,0,120766,0,0,0,0,0,120766,0,0,0,0,0,0,0,0,0,0,0,0,0,0,32495,15284,0,0,0,0,47779,27668,404,1056,0,0,0,29128,270189,2659,0,0,0,0,272849,1232524,467682,1959,955,0,1478,1704598,0,0,0,0,0,0,0
064713,00000,Orange Prevention & Trtmt Int Med Assist,0,0,0,0,0,0,0,0,0,0,0,0,0,0,0,0,0,0,0,0,0,0,0,0,0,0,0,0,0,0,0,0,0,0,0,0,0,0,0,0,0,0,0,0,0,0,0,0,0,0,0,0,0,0,0,0,0,0,0,0,0,0,0,0,0,0,0,0,0,0,0,0,0,0,0,0,0,0,0,0,0,0,0,0,0,0,0,0,0,0,0,0,0,0,0,0,0,0,0,0,0,0,0,0,0,0,0,0,0,0,0,0,0,0,0,0,0,0,0,0,0,0,0,0,0,0,0,0,0,0,0,0,0,0,0,0,0,0,0,0,0,0,0,0,0,0,0,0,0,0,0,0,0,0,0,0,0,0,0,0,0,0,0,0,0,0,0,0,0,0,0,0,0,0,0,0,0,0,0,0,0,0,0,0,0,0,0,0,0,0,0,0,0,0,0,0,0,0,0,0,0,0,0,0,0,0,0,0,0,0,0,0,0,0,0,0,0,0,0,0,0,0,0,0,0,0,0,0,0,0,0,0,0,0,0,0,0,0,0,0,0,0,0,0,0,0,0,0,0,0,0,0,0,0,0,0,0,0,0,0,0,0,0,0,0,0,0,0,0,0,0,0,0,0,0,0,0,0,0,0,0,0,0,0,0,0,0,0,0,0,0,0,0,0,0,0,0,0,0,0,0,0,0,0,0,0,0,0,0,0,0,0,0,0,0,0,0,0,0,0,0,0,0,0,0,0,0,0,0,0,0,0,0,0,0,0
070993,00000,Premera Companies (G),218641,0,0,0,0,0,218641,0,0,0,0,0,0,0,2607,1237,0,0,0,0,3845,1417,1335,0,0,0,0,2752,202,0,0,0,0,0,202,194719,2024,1800,26,0,0,198569,213378,139758,44645,22205,1701,571,422258,0,0,0,0,0,0,0,216841,0,0,0,0,0,216841,0,0,0,0,0,0,0,3490,1236,0,0,0,0,4726,0,0,0,0,0,0,0,0,0,0,1162,0,0,1162,146943,0,0,0,0,0,146943,282853,138245,58965,24541,4183,2368,511154,0,0,0,0,0,0,0,268714,0,0,0,0,0,268714,0,0,0,0,0,0,0,57,1235,0,0,0,0,1291,1093,0,0,0,0,0,1093,98,0,1155,0,0,0,1254,153063,0,0,0,0,0,153063,237306,141840,68423,28202,1734,747,478252,0,0,0,0,0,0,0,263677,0,0,0,0,0,263677,0,0,0,0,0,0,0,752,1233,0,0,0,0,1985,500,0,0,0,0,0,500,823,0,1078,0,0,0,1901,147481,0,0,0,0,0,147481,271045,132742,44445,19034,0,492,467758,0,0,0,0,0,0,0,253157,0,0,0,0,0,253157,0,0,0,0,0,0,0,1538,2349,0,0,0,0,3888,2043,0,0,0,0,0,2043,246,0,0,0,0,0,246,187864,0,975,0,0,0,188839,277661,132648,31111,17351,2867,39688,501325,0,0,0,0,0,0,0,291802,0,0,0,0,0,291802,0,0,0,0,0,0,0,845,864,0,0,0,0,1710,1098,157,0,0,0,0,1255,406,0,0,0,0,0,406,187763,1554,870,0,0,0,190187,297298,148991,43061,33979,6915,0,530245,0,0,0,0,0,0,0
020353,00000,Regence Group (G),359635,0,0,0,0,0,359635,0,5125,0,0,0,0,5125,1720,221,0,0,0,0,1941,16977,0,0,0,0,0,16977,25273,381,0,0,0,0,25653,472976,0,0,0,0,0,472976,524882,179080,72183,38463,8243,1127,823978,0,1119,1531,0,0,0,2650,343750,0,0,0,0,0,343750,0,5125,0,0,0,0,5125,5402,0,0,0,0,0,5402,22851,0,0,0,0,0,22851,18948,370,0,0,0,0,19318,622194,0,0,0,0,0,622194,500416,182595,74672,42256,4888,1941,806768,323,1118,1267,0,0,0,2708,452853,0,0,0,0,0,452853,0,5125,0,0,0,0,5125,10067,0,0,0,0,0,10067,9195,0,0,0,0,0,9195,985,0,0,0,0,0,985,701491,0,0,0,0,0,701491,442520,155908,69199,45595,4492,940,718654,315,722,1923,0,0,0,2960,485198,0,0,0,0,0,485198,0,5125,0,0,0,0,5125,11955,0,0,0,0,0,11955,5352,0,0,0,0,0,5352,10475,0,0,0,0,0,10475,611846,0,0,0,0,0,611846,391803,194694,147917,111703,3483,338,849937,0,2625,234,0,0,0,2860,426140,0,0,0,0,0,426140,0,5125,0,0,0,0,5125,17267,0,0,0,0,0,17267,8914,0,0,0,0,0,8914,4900,0,0,0,0,0,4900,539946,0,0,0,0,0,539946,496684,227794,127254,146153,732,0,998617,0,2890,0,0,3247,0,6137,402963,0,0,0,0,0,402963,0,15300,0,0,0,0,15300,13273,0,0,0,0,0,13273,9638,0,0,0,0,0,9638,8306,0,0,0,0,0,8306,521175,0,0,0,0,0,521175,507323,249127,130502,121723,4400,0,1013074,4508,6090,1445,0,4309,0,16352
064877,00000,Solano-Napa-Yolo Commission on Med Care,0,0,0,0,0,0,0,0,0,0,0,0,0,0,0,0,0,0,0,0,0,0,0,0,0,0,0,0,0,0,0,0,0,0,0,0,0,0,0,0,0,0,0,0,0,0,0,0,0,0,0,0,0,0,0,0,0,0,0,0,0,0,0,0,0,0,0,0,0,0,0,0,0,0,0,0,0,0,0,0,0,0,0,0,0,0,0,0,0,0,0,0,0,0,0,0,0,0,0,0,0,0,0,0,0,0,0,0,0,0,0,0,0,0,0,0,0,0,0,0,0,0,0,0,0,0,0,0,0,0,0,0,0,0,0,0,0,0,0,0,0,0,0,0,0,0,0,0,0,0,0,0,0,0,0,0,0,0,0,0,0,0,0,0,0,0,0,0,0,0,0,0,0,0,0,0,0,0,0,0,0,0,0,0,0,0,0,0,0,0,0,0,0,0,0,0,0,0,0,0,0,0,0,0,0,0,0,0,0,0,0,0,0,0,0,0,0,0,0,0,0,0,0,0,0,0,0,0,0,0,0,0,0,0,0,0,0,0,0,0,0,0,0,0,0,0,0,0,0,0,0,0,0,0,0,0,0,0,0,0,0,0,0,0,0,0,0,0,0,0,0,0,0,0,0,0,0,0,0,0,0,0,0,0,0,0,0,0,0,0,0,0,0,0,0,0,0,0,0,0,0,0,0,0,0,0,0,0,0,0,0,0,0,0,0,0,0,0,0,0,0,0,0,0,0,0,0,0,0,0,0,0,0,0,0,0
070897,00000,TheWellCare Group of Companies (G),101414,0,0,0,0,0,101414,0,0,0,0,0,0,0,0,0,0,0,0,0,0,2203,0,0,0,0,0,2203,5975,0,0,0,0,0,5975,5422,0,0,0,0,0,5422,58657,0,0,0,0,0,58657,0,0,0,0,0,0,0,661233,0,0,0,0,0,661233,0,0,0,0,0,0,0,0,0,0,0,0,0,0,9247,0,0,0,0,0,9247,29505,55,0,0,0,0,29560,80403,176,0,0,0,0,80579,496084,465,0,0,0,0,496550,0,0,0,0,0,0,0,216422,0,0,0,0,0,216422,0,0,0,0,0,0,0,0,0,0,0,0,0,0,17214,0,0,0,0,0,17214,38490,1007,0,0,0,0,39497,116457,13762,0,0,0,0,130219,293238,8188,0,0,0,0,301425,600,0,0,0,0,0,600,39075,0,0,0,0,0,39075,0,0,0,0,0,0,0,0,0,0,0,0,0,0,13836,0,0,0,0,0,13836,20142,156,0,0,0,0,20298,98463,5234,11600,0,0,0,115297,426517,31218,0,0,0,0,457735,0,0,0,0,0,0,0,34801,0,0,0,0,0,34801,0,0,0,0,0,0,0,0,0,0,0,0,0,0,2674,0,0,0,0,0,2674,6232,0,0,0,0,0,6232,62473,5000,11600,0,0,0,79073,405603,68762,0,0,0,0,474365,0,0,0,0,0,0,0,141934,0,0,0,0,0,141934,0,0,0,0,0,0,0,0,0,0,0,0,0,0,2579,0,0,0,0,0,2579,9718,0,0,0,0,0,9718,54847,5215,11600,0,0,0,71661,287438,65499,0,0,0,0,352937,0,0,0,0,0,0,0
070875,00000,Tufts Associated Health Plans Group (G),108494,0,0,0,0,0,108494,0,0,0,0,0,0,0,0,0,0,0,0,0,0,13298,0,0,0,0,0,13298,0,0,0,0,0,0,0,0,0,0,0,0,0,0,66269,34856,4152,21347,4555,0,131180,0,0,0,0,0,0,0,268430,0,0,0,0,0,268430,0,0,0,0,0,0,0,0,0,0,0,0,0,0,965,0,0,0,0,0,965,0,0,0,0,0,0,0,0,0,0,0,0,0,0,59046,37969,6136,22073,3479,0,128703,0,0,0,0,0,0,0,104290,0,0,0,0,0,104290,0,0,0,0,0,0,0,0,0,0,0,0,0,0,818,0,0,0,0,0,818,0,0,0,0,0,0,0,0,0,0,0,0,0,0,93224,37666,8596,26401,4919,0,170807,0,0,0,0,0,0,0,142651,0,0,0,0,0,142651,0,0,0,0,0,0,0,0,0,0,0,0,0,0,1772,0,0,0,0,0,1772,0,0,0,0,0,0,0,0,0,0,0,0,0,0,117580,42160,10164,20562,4660,0,195127,0,0,0,0,0,0,0,146262,311,0,0,0,0,146573,0,0,0,0,0,0,0,0,0,0,0,0,0,0,1493,0,0,0,0,0,1493,0,0,0,0,0,0,0,0,0,0,0,0,0,0,164710,48077,8394,17796,5240,0,244218,0,0,0,0,0,0,0,119492,766,0,0,0,0,120258,0,0,0,0,0,0,0,0,0,0,0,0,0,0,1636,0,0,0,0,0,1636,0,0,0,0,0,0,0,0,0,0,0,0,0,0,159837,18516,6753,14706,2748,0,202560,0,0,0,0,0,0,0
070852,00000,UCare Group (G),207685,0,0,0,0,0,207685,0,0,0,0,0,0,0,698,0,0,0,0,0,698,827,0,0,0,0,0,827,3024,0,0,0,0,0,3024,21946,0,0,0,0,0,21946,229040,5647,223,1328,161,0,236397,0,0,0,0,0,0,0,160336,0,0,0,0,0,160336,0,0,0,0,0,0,0,688,0,0,0,0,0,688,1143,0,0,0,0,0,1143,2622,0,0,0,0,0,2622,22747,0,0,0,0,0,22747,352170,3618,304,243,904,0,357238,0,0,0,0,0,0,0,173208,0,0,0,0,0,173208,0,0,0,0,0,0,0,228,0,0,0,0,0,228,1311,0,0,0,0,0,1311,2114,0,0,0,0,0,2114,23021,0,0,0,0,0,23021,455182,4497,0,0,0,0,459679,0,0,0,0,0,0,0,168102,0,0,0,0,0,168102,0,0,0,0,0,0,0,226,0,0,0,0,0,226,1082,0,0,0,0,0,1082,1983,0,0,0,0,0,1983,25057,0,0,0,0,0,25057,484444,10161,0,0,0,0,494605,0,0,0,0,0,0,0,188905,0,0,0,0,0,188905,0,0,0,0,0,0,0,200,0,0,0,0,0,200,4389,0,0,0,0,0,4389,8187,0,0,0,0,0,8187,98692,0,0,0,0,0,98692,535483,10935,0,0,0,0,546418,0,0,0,0,0,0,0,281449,0,0,0,0,0,281449,0,0,0,0,0,0,0,0,0,0,0,0,0,0,3013,0,0,0,0,0,3013,6319,0,0,0,0,0,6319,32587,0,0,0,0,0,32587,568572,19551,113,0,0,0,588236,0,0,0,0,0,0,0
070980,00000,UnitedHealth Group Incorporated (G),2720455,0,0,0,0,0,2720455,0,0,0,0,0,0,0,9707,0,0,0,0,0,9707,522779,8088,0,0,0,0,530867,532381,2624,0,0,0,553,535558,2347496,43747,0,0,0,0,2391243,4177918,245960,7869,10649,0,50,4442445,0,0,0,0,0,0,0,2292184,0,0,0,0,0,2292184,0,0,0,0,0,0,0,24046,0,0,0,0,0,24046,687442,548,0,0,0,0,687990,488722,1163,0,0,0,0,489884,2665750,31930,0,0,0,0,2697680,3771903,273612,110,0,0,0,4045624,350,0,0,0,0,0,350,1849499,0,0,0,0,0,1849499,0,0,0,0,0,0,0,17174,0,0,0,0,0,17174,669164,0,0,0,0,0,669164,536234,1148,0,0,0,0,537382,3318640,19221,0,0,0,0,3337861,3992071,430651,0,0,0,0,4422721,250,0,0,0,0,0,250,2358196,0,0,0,0,0,2358196,0,0,0,0,0,0,0,8565,0,0,0,0,0,8565,760708,0,0,0,0,0,760708,661015,1510,0,0,0,0,662525,3597557,28767,0,0,0,0,3626324,3828808,584612,1628,0,0,0,4415048,0,0,0,0,0,0,0,1390971,0,0,0,0,0,1390971,0,0,0,0,0,0,0,5861,0,0,0,0,0,5861,726902,0,0,0,0,0,726902,728280,2124,0,0,0,0,730404,3630658,29239,0,0,0,0,3659897,4344412,679901,1325,0,0,0,5025639,0,0,0,0,0,0,0,1791134,0,0,0,0,0,1791134,0,0,0,0,0,0,0,9110,0,0,0,0,0,9110,627939,10345,0,0,0,0,638285,625336,1149,0,0,0,0,626484,3535450,45647,0,0,0,0,3581097,5183296,819761,0,0,0,0,6003057,0,0,0,0,0,0,0
070966,00000,Vision Service Plan Group (G),54415,0,0,0,0,0,54415,0,0,0,0,0,0,0,520,0,0,0,0,0,520,57590,157,0,0,0,0,57747,34410,524,0,0,0,0,34934,25646,0,0,0,0,0,25646,252049,0,0,0,0,750,252799,0,0,0,0,0,0,0,53430,0,0,0,0,0,53430,0,0,0,0,0,0,0,0,0,0,0,0,0,0,31405,0,0,0,0,0,31405,13581,670,0,0,0,0,14251,16415,0,0,0,0,0,16415,327192,2475,0,0,0,0,329666,0,0,0,0,0,0,0,8347,0,0,0,0,0,8347,0,0,0,0,0,0,0,0,0,0,0,0,0,0,30780,0,0,0,0,0,30780,13239,505,0,0,0,0,13744,58701,0,0,0,0,0,58701,257484,4642,0,0,0,0,262126,0,0,0,0,0,0,0,94848,0,0,0,0,0,94848,0,0,0,0,0,0,0,507,0,0,0,0,0,507,20675,0,0,0,0,0,20675,16112,0,0,0,0,0,16112,54956,0,0,0,0,0,54956,130512,4173,0,0,0,0,134685,0,0,0,0,0,0,0,43089,0,0,0,0,0,43089,0,0,0,0,0,0,0,502,0,0,0,0,0,502,19430,0,0,0,0,0,19430,11348,0,0,0,0,0,11348,56949,0,0,0,0,0,56949,121168,0,0,0,0,0,121168,0,0,0,0,0,0,0,136466,0,0,0,0,0,136466,0,0,0,0,0,0,0,0,0,0,0,0,0,0,10006,0,0,0,0,0,10006,8028,0,0,0,0,0,8028,32734,0,0,0,0,0,32734,71164,0,0,0,0,0,71164,0,0,0,0,0,0,0
064437,00000,Wellmark Group (G),123259,0,0,0,0,0,123259,0,0,0,0,0,0,0,325,451,0,0,0,0,775,5473,0,0,0,0,0,5473,14864,0,0,0,0,0,14864,216233,14451,285,0,0,0,230969,389115,66104,12964,1886,488,621,471179,0,0,0,0,0,0,0,130045,0,0,0,0,0,130045,0,0,0,0,0,0,0,325,397,0,0,0,0,721,21708,0,0,0,0,0,21708,5003,0,0,0,0,0,5003,244689,13418,291,0,0,0,258398,322106,156905,74786,14674,4564,2245,575281,0,0,0,0,0,0,0,61996,0,0,0,0,0,61996,0,0,0,0,0,0,0,325,279,0,0,0,0,604,17754,0,0,0,0,0,17754,5564,0,0,0,0,0,5564,219757,13511,0,297,0,0,233564,442567,222043,75105,12013,10958,8246,770933,0,0,0,0,0,0,0,32708,0,0,0,0,0,32708,0,0,0,0,0,0,0,0,20,0,0,0,0,20,16523,380,0,0,0,0,16903,2981,0,0,0,0,0,2981,196203,7609,1512,0,0,0,205325,583529,295814,72915,20877,10210,8971,992318,0,0,0,0,0,0,0,40116,0,0,0,0,0,40116,0,0,0,0,0,0,0,0,20,0,0,0,0,20,13253,0,0,0,0,0,13253,7316,725,0,0,0,0,8041,193815,9436,0,0,0,0,203250,557595,275519,47960,15381,6027,16160,918642,0,0,0,0,0,0,0,61563,0,0,0,0,0,61563,0,0,0,0,0,0,0,0,20,0,0,0,0,20,9850,2439,0,0,0,0,12289,9134,3447,0,0,0,0,12581,203257,11631,0,0,0,0,214888,539155,263727,29201,1530,2091,2900,838605,0,0,0,0,0,0,0
