,,,#NAME?,,,,,,,,,,,,,,,,,,,,,,,,,,,,,,,,,,,,,,,,,,,,,,,,,,,,,,,,,,,,,,,,,,,,,,,,,,,,,,,,,,,,,,,,,,,,,,,,,,,,,,,,,,,,,,,,,,,,,,,,,,,,,,,,,,,,,,,,,,,,,,,,,,,,,,,,,,,,,,,,,,,,,,,,,,,,,,,,,,,,,,,,,,,,,,,,,,,,,,,,,,,,,,,,,,,,,,,,,,,,,,,,,,,,,,,,,,,,,,,,,,,,,,,,,,,,,,,,,,,,,,,,,,,,,,,,,,,
,,,,,,,,,,,,,,,,,,,,,,,,,,,,,,,,,,,,,,,,,,,,,,,,,,,,,,,,,,,,,,,,,,,,,,,,,,,,,,,,,,,,,,,,,,,,,,,,,,,,,,,,,,,,,,,,,,,,,,,,,,,,,,,,,,,,,,,,,,,,,,,,,,,,,,,,,,,,,,,,,,,,,,,,,,,,,,,,,,,,,,,,,,,,,,,,,,,,,,,,,,,,,,,,,,,,,,,,,,,,,,,,,,,,,,,,,,,,,,,,,,,,,,,,,,,,,,,,,,,,,,,,,,,,,,,,,,,,,,
,,,2010,,,,,,,,,,,,,,,,,,,,,,,,,,,,,,,,,,,,,,,,,,,,,,2011,,,,,,,,,,,,,,,,,,,,,,,,,,,,,,,,,,,,,,,,,,,,,,2012,,,,,,,,,,,,,,,,,,,,,,,,,,,,,,,,,,,,,,,,,,,,,,2013,,,,,,,,,,,,,,,,,,,,,,,,,,,,,,,,,,,,,,,,,,,,,,2014,,,,,,,,,,,,,,,,,,,,,,,,,,,,,,,,,,,,,,,,,,,,,,2015,,,,,,,,,,,,,,,,,,,,,,,,,,,,,,,,,,,,,,,,,,,,,
,,,HS05018,HS08250,HS08251,HS08252,HS08253,HS08254,HS08255,HS08256,HS08257,HS08258,HS08259,HS08260,HS08261,HS08262,HS08263,HS08264,HS08265,HS08266,HS08267,HS08268,HS08269,HS08270,HS08271,HS08272,HS08273,HS08274,HS08275,HS08278,HS08279,HS08280,HS08281,HS08809,HS08810,HS08811,HS08812,HS08815,HS08816,HS09299,HS09300,HS17035,HS17036,HS17037,HS17038,HS17039,HS17040,HS17041,HS05018,HS08250,HS08251,HS08252,HS08253,HS08254,HS08255,HS08256,HS08257,HS08258,HS08259,HS08260,HS08261,HS08262,HS08263,HS08264,HS08265,HS08266,HS08267,HS08268,HS08269,HS08270,HS08271,HS08272,HS08273,HS08274,HS08275,HS08278,HS08279,HS08280,HS08281,HS08809,HS08810,HS08811,HS08812,HS08815,HS08816,HS09299,HS09300,HS17035,HS17036,HS17037,HS17038,HS17039,HS17040,HS17041,HS05018,HS08250,HS08251,HS08252,HS08253,HS08254,HS08255,HS08256,HS08257,HS08258,HS08259,HS08260,HS08261,HS08262,HS08263,HS08264,HS08265,HS08266,HS08267,HS08268,HS08269,HS08270,HS08271,HS08272,HS08273,HS08274,HS08275,HS08278,HS08279,HS08280,HS08281,HS08809,HS08810,HS08811,HS08812,HS08815,HS08816,HS09299,HS09300,HS17035,HS17036,HS17037,HS17038,HS17039,HS17040,HS17041,HS05018,HS08250,HS08251,HS08252,HS08253,HS08254,HS08255,HS08256,HS08257,HS08258,HS08259,HS08260,HS08261,HS08262,HS08263,HS08264,HS08265,HS08266,HS08267,HS08268,HS08269,HS08270,HS08271,HS08272,HS08273,HS08274,HS08275,HS08278,HS08279,HS08280,HS08281,HS08809,HS08810,HS08811,HS08812,HS08815,HS08816,HS09299,HS09300,HS17035,HS17036,HS17037,HS17038,HS17039,HS17040,HS17041,HS05018,HS08250,HS08251,HS08252,HS08253,HS08254,HS08255,HS08256,HS08257,HS08258,HS08259,HS08260,HS08261,HS08262,HS08263,HS08264,HS08265,HS08266,HS08267,HS08268,HS08269,HS08270,HS08271,HS08272,HS08273,HS08274,HS08275,HS08278,HS08279,HS08280,HS08281,HS08809,HS08810,HS08811,HS08812,HS08815,HS08816,HS09299,HS09300,HS17035,HS17036,HS17037,HS17038,HS17039,HS17040,HS17041,HS05018,HS08250,HS08251,HS08252,HS08253,HS08254,HS08255,HS08256,HS08257,HS08258,HS08259,HS08260,HS08261,HS08262,HS08263,HS08264,HS08265,HS08266,HS08267,HS08268,HS08269,HS08270,HS08271,HS08272,HS08273,HS08274,HS08275,HS08278,HS08279,HS08280,HS08281,HS08809,HS08810,HS08811,HS08812,HS08815,HS08816,HS09299,HS09300,HS17035,HS17036,HS17037,HS17038,HS17039,HS17040,HS17041
AMB#,NAIC#,Company Name,Act cst total l-term assets owned,Act cst oil & gas production unaffl,Act cst oil & gas production affl,Act cst transportation equpt unaffl,Act cst transportation equpt affl,Act cst mineral rights unaffl,Act cst mineral rights affl,Act cst bonds unaffl,Act cst bonds affl,Act cst mortgage loans unaffl,Act cst mortgage loans affl,Act cst othr fixed inc instr unaffl,Act cst othr fixed inc instr affl,Act cst fixed income instr unaffl,Act cst fixed income instr affl,Act cst common stocks unaffl,Act cst common stocks affl,Act cst real estate unaffl,Act cst real estate affl,Act cst other unaffl,Act cst other affl,Act cst surplus debentures unaffl,Act cst surplus debentures affl,Act cst collateral loans unaffl,Act cst collateral loans affl,Act cst capital notes unaffl,Act cst capital notes affl,Act cst othr class admt asts unaffl,Act cst othr class admt asts affl,Act cst subtotal unaffiliated,Act cst subtotal affiliated,Act cst guar-fed lo inc tax cr unfl,Act cst guar-fed lo inc tax cr affl,Act cst non-guar lo inc tax cr unfl,Act cst non-guar lo inc tax cr affl,Act cst all othr inc tax cr unfl,Act cst all othr inc tax cr affl,Act cst non-collat loans unaffl,Act cst non-collat loans affl,Act cst joint mortgage loans unaffl,Act cst joint mortgage loans affl,Act cst guar-state lo inc tax cr unfl,Act cst guar-state lo inc tax cr affl,Act cst non-guar state lo inc tax cr unfl,Act cst non-guar state lo inc tax cr affl,Act cst working cap fin invest unaffl,Act cst total l-term assets owned,Act cst oil & gas production unaffl,Act cst oil & gas production affl,Act cst transportation equpt unaffl,Act cst transportation equpt affl,Act cst mineral rights unaffl,Act cst mineral rights affl,Act cst bonds unaffl,Act cst bonds affl,Act cst mortgage loans unaffl,Act cst mortgage loans affl,Act cst othr fixed inc instr unaffl,Act cst othr fixed inc instr affl,Act cst fixed income instr unaffl,Act cst fixed income instr affl,Act cst common stocks unaffl,Act cst common stocks affl,Act cst real estate unaffl,Act cst real estate affl,Act cst other unaffl,Act cst other affl,Act cst surplus debentures unaffl,Act cst surplus debentures affl,Act cst collateral loans unaffl,Act cst collateral loans affl,Act cst capital notes unaffl,Act cst capital notes affl,Act cst othr class admt asts unaffl,Act cst othr class admt asts affl,Act cst subtotal unaffiliated,Act cst subtotal affiliated,Act cst guar-fed lo inc tax cr unfl,Act cst guar-fed lo inc tax cr affl,Act cst non-guar lo inc tax cr unfl,Act cst non-guar lo inc tax cr affl,Act cst all othr inc tax cr unfl,Act cst all othr inc tax cr affl,Act cst non-collat loans unaffl,Act cst non-collat loans affl,Act cst joint mortgage loans unaffl,Act cst joint mortgage loans affl,Act cst guar-state lo inc tax cr unfl,Act cst guar-state lo inc tax cr affl,Act cst non-guar state lo inc tax cr unfl,Act cst non-guar state lo inc tax cr affl,Act cst working cap fin invest unaffl,Act cst total l-term assets owned,Act cst oil & gas production unaffl,Act cst oil & gas production affl,Act cst transportation equpt unaffl,Act cst transportation equpt affl,Act cst mineral rights unaffl,Act cst mineral rights affl,Act cst bonds unaffl,Act cst bonds affl,Act cst mortgage loans unaffl,Act cst mortgage loans affl,Act cst othr fixed inc instr unaffl,Act cst othr fixed inc instr affl,Act cst fixed income instr unaffl,Act cst fixed income instr affl,Act cst common stocks unaffl,Act cst common stocks affl,Act cst real estate unaffl,Act cst real estate affl,Act cst other unaffl,Act cst other affl,Act cst surplus debentures unaffl,Act cst surplus debentures affl,Act cst collateral loans unaffl,Act cst collateral loans affl,Act cst capital notes unaffl,Act cst capital notes affl,Act cst othr class admt asts unaffl,Act cst othr class admt asts affl,Act cst subtotal unaffiliated,Act cst subtotal affiliated,Act cst guar-fed lo inc tax cr unfl,Act cst guar-fed lo inc tax cr affl,Act cst non-guar lo inc tax cr unfl,Act cst non-guar lo inc tax cr affl,Act cst all othr inc tax cr unfl,Act cst all othr inc tax cr affl,Act cst non-collat loans unaffl,Act cst non-collat loans affl,Act cst joint mortgage loans unaffl,Act cst joint mortgage loans affl,Act cst guar-state lo inc tax cr unfl,Act cst guar-state lo inc tax cr affl,Act cst non-guar state lo inc tax cr unfl,Act cst non-guar state lo inc tax cr affl,Act cst working cap fin invest unaffl,Act cst total l-term assets owned,Act cst oil & gas production unaffl,Act cst oil & gas production affl,Act cst transportation equpt unaffl,Act cst transportation equpt affl,Act cst mineral rights unaffl,Act cst mineral rights affl,Act cst bonds unaffl,Act cst bonds affl,Act cst mortgage loans unaffl,Act cst mortgage loans affl,Act cst othr fixed inc instr unaffl,Act cst othr fixed inc instr affl,Act cst fixed income instr unaffl,Act cst fixed income instr affl,Act cst common stocks unaffl,Act cst common stocks affl,Act cst real estate unaffl,Act cst real estate affl,Act cst other unaffl,Act cst other affl,Act cst surplus debentures unaffl,Act cst surplus debentures affl,Act cst collateral loans unaffl,Act cst collateral loans affl,Act cst capital notes unaffl,Act cst capital notes affl,Act cst othr class admt asts unaffl,Act cst othr class admt asts affl,Act cst subtotal unaffiliated,Act cst subtotal affiliated,Act cst guar-fed lo inc tax cr unfl,Act cst guar-fed lo inc tax cr affl,Act cst non-guar lo inc tax cr unfl,Act cst non-guar lo inc tax cr affl,Act cst all othr inc tax cr unfl,Act cst all othr inc tax cr affl,Act cst non-collat loans unaffl,Act cst non-collat loans affl,Act cst joint mortgage loans unaffl,Act cst joint mortgage loans affl,Act cst guar-state lo inc tax cr unfl,Act cst guar-state lo inc tax cr affl,Act cst non-guar state lo inc tax cr unfl,Act cst non-guar state lo inc tax cr affl,Act cst working cap fin invest unaffl,Act cst total l-term assets owned,Act cst oil & gas production unaffl,Act cst oil & gas production affl,Act cst transportation equpt unaffl,Act cst transportation equpt affl,Act cst mineral rights unaffl,Act cst mineral rights affl,Act cst bonds unaffl,Act cst bonds affl,Act cst mortgage loans unaffl,Act cst mortgage loans affl,Act cst othr fixed inc instr unaffl,Act cst othr fixed inc instr affl,Act cst fixed income instr unaffl,Act cst fixed income instr affl,Act cst common stocks unaffl,Act cst common stocks affl,Act cst real estate unaffl,Act cst real estate affl,Act cst other unaffl,Act cst other affl,Act cst surplus debentures unaffl,Act cst surplus debentures affl,Act cst collateral loans unaffl,Act cst collateral loans affl,Act cst capital notes unaffl,Act cst capital notes affl,Act cst othr class admt asts unaffl,Act cst othr class admt asts affl,Act cst subtotal unaffiliated,Act cst subtotal affiliated,Act cst guar-fed lo inc tax cr unfl,Act cst guar-fed lo inc tax cr affl,Act cst non-guar lo inc tax cr unfl,Act cst non-guar lo inc tax cr affl,Act cst all othr inc tax cr unfl,Act cst all othr inc tax cr affl,Act cst non-collat loans unaffl,Act cst non-collat loans affl,Act cst joint mortgage loans unaffl,Act cst joint mortgage loans affl,Act cst guar-state lo inc tax cr unfl,Act cst guar-state lo inc tax cr affl,Act cst non-guar state lo inc tax cr unfl,Act cst non-guar state lo inc tax cr affl,Act cst working cap fin invest unaffl,Act cst total l-term assets owned,Act cst oil & gas production unaffl,Act cst oil & gas production affl,Act cst transportation equpt unaffl,Act cst transportation equpt affl,Act cst mineral rights unaffl,Act cst mineral rights affl,Act cst bonds unaffl,Act cst bonds affl,Act cst mortgage loans unaffl,Act cst mortgage loans affl,Act cst othr fixed inc instr unaffl,Act cst othr fixed inc instr affl,Act cst fixed income instr unaffl,Act cst fixed income instr affl,Act cst common stocks unaffl,Act cst common stocks affl,Act cst real estate unaffl,Act cst real estate affl,Act cst other unaffl,Act cst other affl,Act cst surplus debentures unaffl,Act cst surplus debentures affl,Act cst collateral loans unaffl,Act cst collateral loans affl,Act cst capital notes unaffl,Act cst capital notes affl,Act cst othr class admt asts unaffl,Act cst othr class admt asts affl,Act cst subtotal unaffiliated,Act cst subtotal affiliated,Act cst guar-fed lo inc tax cr unfl,Act cst guar-fed lo inc tax cr affl,Act cst non-guar lo inc tax cr unfl,Act cst non-guar lo inc tax cr affl,Act cst all othr inc tax cr unfl,Act cst all othr inc tax cr affl,Act cst non-collat loans unaffl,Act cst non-collat loans affl,Act cst joint mortgage loans unaffl,Act cst joint mortgage loans affl,Act cst guar-state lo inc tax cr unfl,Act cst guar-state lo inc tax cr affl,Act cst non-guar state lo inc tax cr unfl,Act cst non-guar state lo inc tax cr affl,Act cst working cap fin invest unaffl
070972,00000,Aetna Health Group (G),0,0,0,0,0,0,0,0,0,0,0,0,0,0,0,0,0,0,0,0,0,0,0,0,0,0,0,0,0,0,0,0,0,0,0,0,0,0,0,0,0,0,0,0,0,0,0,0,0,0,0,0,0,0,0,0,0,0,0,0,0,0,0,0,0,0,0,0,0,0,0,0,0,0,0,0,0,0,0,0,0,0,0,0,0,0,0,0,0,0,0,0,0,0,0,0,0,0,0,0,0,0,0,0,0,0,0,0,0,0,0,0,0,0,0,0,0,0,0,0,0,0,0,0,0,0,0,0,0,0,0,0,0,0,0,0,0,0,0,0,0,0,0,0,0,0,0,0,0,0,0,0,0,0,0,0,0,0,0,0,0,0,0,0,0,0,0,0,0,0,0,0,0,0,0,0,0,0,0,0,0,0,0,0,1368,0,0,0,0,0,0,0,0,0,0,0,0,0,0,0,0,0,0,0,0,0,0,0,0,0,0,1368,0,1368,0,0,0,0,0,0,0,0,0,0,0,0,0,0,0,0,10331,0,0,0,0,0,0,0,0,0,0,0,0,0,0,0,0,0,0,0,0,0,0,0,0,0,0,10331,0,10331,0,0,0,0,0,0,0,0,0,0,0,0,0,0,0,0
070964,00000,Anthem Health Companies (G),301348,0,0,0,0,0,0,0,0,0,0,0,0,0,0,0,0,0,0,207384,0,0,0,0,0,0,0,12295,18122,283226,18122,0,0,40576,0,0,0,0,0,0,0,0,0,0,0,0,385273,0,0,0,0,0,0,0,0,0,0,0,0,0,0,0,0,0,0,177051,82469,0,0,0,0,0,0,12295,14877,287928,97346,0,0,63410,0,0,0,0,0,0,0,0,0,0,0,0,440800,0,0,0,0,0,0,0,0,0,0,0,0,0,0,6413,0,0,0,276417,3001,0,0,0,0,0,0,19001,10070,427730,13071,0,0,77751,0,0,0,0,0,0,0,0,0,0,0,0,589700,0,0,0,0,0,0,0,0,0,0,1175,0,0,0,0,0,4688,0,307685,3001,0,0,0,0,0,0,12295,15588,571111,18589,0,0,136609,0,0,0,0,0,94440,0,0,0,14220,0,0,664885,0,0,0,0,0,0,0,0,0,0,0,0,0,0,0,0,70960,0,398489,8250,0,0,0,0,0,0,12295,15588,641047,23838,0,0,145083,0,0,0,0,0,0,0,0,0,14220,0,0,987146,0,0,0,0,0,0,0,0,0,0,0,0,0,0,0,0,224423,0,610486,8250,0,0,0,0,0,0,10466,20285,958611,28535,0,0,99016,0,0,0,0,0,0,0,0,0,14220,0,0
070971,00000,Arkansas BC/BS Group (G),65136,0,0,0,0,0,0,0,0,0,0,0,0,0,0,0,0,0,0,0,0,0,0,0,0,0,0,0,65136,0,65136,0,0,0,0,0,0,0,0,0,0,0,0,0,0,0,65136,0,0,0,0,0,0,0,0,0,0,0,0,0,0,0,0,0,0,0,0,0,0,0,0,0,0,0,65136,0,65136,0,0,0,0,0,0,0,0,0,0,0,0,0,0,0,67347,0,0,0,0,0,0,0,0,0,0,0,0,0,0,0,0,0,0,0,0,0,0,0,0,0,0,0,67347,0,67347,0,0,0,0,0,0,0,0,0,0,0,0,0,0,0,65136,0,0,0,0,0,0,0,0,0,0,0,0,0,0,0,0,0,0,0,0,0,0,0,0,0,0,0,65136,0,65136,0,0,0,0,0,0,0,0,0,0,0,0,0,0,0,65136,0,0,0,0,0,0,0,0,0,0,0,0,0,0,0,0,0,0,0,0,0,0,0,0,0,0,0,65136,0,65136,0,0,0,0,0,0,0,0,0,0,0,0,0,0,0,58340,0,0,0,0,0,0,0,0,0,0,0,0,0,0,0,0,0,0,0,0,0,0,0,0,0,0,0,58340,0,58340,0,0,0,0,0,0,0,0,0,0,0,0,0,0,0
070909,00000,Blue Cross & Blue Shield of Florida Grp (G),33868,0,0,0,0,0,0,0,0,0,0,0,0,0,0,0,0,0,0,0,0,0,1400,0,0,0,0,8494,23974,8494,25374,0,0,0,0,0,0,0,0,0,0,0,0,0,0,0,34424,0,0,0,0,0,0,0,0,0,0,0,0,0,0,0,0,0,0,0,0,0,1400,0,0,0,0,7904,25120,7904,26520,0,0,0,0,0,0,0,0,0,0,0,0,0,0,0,34684,0,0,0,0,0,0,0,0,0,0,0,0,0,0,0,0,0,0,0,0,0,1400,0,0,0,0,7708,25576,7708,26976,0,0,0,0,0,0,0,0,0,0,0,0,0,0,0,32126,0,0,0,0,0,0,0,0,0,0,0,0,0,0,0,0,0,0,0,0,0,1400,0,0,0,0,7907,22819,7907,24219,0,0,0,0,0,0,0,0,0,0,0,0,0,0,0,31868,0,0,0,0,0,0,0,0,0,0,0,0,0,0,0,0,0,0,0,0,0,0,0,0,0,0,8306,23561,8306,23561,0,0,0,0,0,0,0,0,0,0,0,0,0,0,0,32059,0,0,0,0,0,0,0,0,0,0,0,0,0,0,0,0,0,0,0,0,0,0,0,0,0,0,8952,23107,8952,23107,0,0,0,0,0,0,0,0,0,0,0,0,0,0,0
070914,00000,Blue Cross & Blue Shield of NC Group (G),4220,0,0,0,0,0,0,0,0,0,0,0,0,0,0,4220,0,0,0,0,0,0,0,0,0,0,0,0,0,4220,0,0,0,0,0,0,0,0,0,0,0,0,0,0,0,0,4873,0,0,0,0,0,0,0,0,0,0,0,0,0,0,4873,0,0,0,0,0,0,0,0,0,0,0,0,0,4873,0,0,0,0,0,0,0,0,0,0,0,0,0,0,0,0,88056,0,0,0,0,0,0,0,0,0,0,0,0,0,0,14945,0,0,0,0,0,0,0,0,0,0,0,73111,0,88056,0,0,0,0,0,0,0,0,0,0,0,0,0,0,0,0,182960,0,0,0,0,0,0,0,0,0,0,0,0,0,0,27197,0,144199,0,11564,0,0,0,0,0,0,0,0,0,182960,0,0,0,0,0,0,0,0,0,0,0,0,0,0,0,0,284038,0,0,0,0,0,0,0,0,0,0,0,0,0,0,50287,0,160841,0,72911,0,0,0,0,0,0,0,0,0,284038,0,0,0,0,0,0,0,0,0,0,0,0,0,0,0,0,337599,0,0,0,0,0,0,0,0,0,0,0,0,0,0,75584,0,167735,0,94280,0,0,0,0,0,0,0,0,0,337599,0,0,0,0,0,0,0,0,0,0,0,0,0,0,0,0
070894,00000,Blue Cross & Blue Shield of SC Group (G),279332,0,0,0,0,0,0,0,0,0,0,0,0,0,0,1135,103599,0,0,0,0,0,0,5000,0,0,0,0,169598,6135,273197,0,0,0,0,0,0,0,0,0,0,0,0,0,0,0,313061,0,0,0,0,0,0,0,0,0,0,0,0,0,0,1135,126106,0,0,0,0,0,0,5000,0,0,0,0,180821,6135,306926,0,0,0,0,0,0,0,0,0,0,0,0,0,0,0,307364,0,0,0,0,0,0,0,0,0,0,0,0,0,0,1667,138616,0,0,0,0,0,0,0,0,0,0,0,167081,1667,305697,0,0,0,0,0,0,0,0,0,0,0,0,0,0,0,320746,0,0,0,0,0,0,0,0,0,0,0,0,0,0,2279,120687,0,0,0,0,0,0,0,0,0,0,0,197780,2279,318467,0,0,0,0,0,0,0,0,0,0,0,0,0,0,0,318790,0,0,0,0,0,0,0,0,0,0,0,0,0,0,1917,116762,0,0,0,0,0,0,0,0,0,0,0,200111,1917,316873,0,0,0,0,0,0,0,0,0,0,0,0,0,0,0,352448,0,0,0,0,0,0,0,0,0,0,0,0,0,0,1917,116752,0,0,0,0,0,0,0,0,0,0,11266,222514,13183,339265,0,0,0,0,0,0,0,0,0,0,0,0,0,0,0
070915,00000,Blue Cross & Blue Shield of TN Group (G),162512,0,0,0,0,0,0,0,0,0,0,0,0,1849,0,40730,0,0,0,115000,0,4932,0,0,0,0,0,0,0,162512,0,0,0,0,0,0,0,0,0,0,0,0,0,0,0,0,165887,0,0,0,0,0,0,0,0,0,0,0,0,0,0,50887,0,0,0,115000,0,0,0,0,0,0,0,0,0,165887,0,0,0,0,0,0,0,0,0,0,0,0,0,0,0,0,171729,0,0,0,0,0,0,0,0,0,0,0,0,0,0,56729,0,0,0,115000,17000,0,-17000,0,0,0,0,0,0,171729,0,0,0,0,0,0,0,0,0,0,0,0,0,0,0,0,180813,0,0,0,0,0,0,0,0,0,0,0,0,0,0,65004,0,0,0,115000,809,0,0,0,0,0,0,0,0,180004,809,0,0,0,0,0,0,0,0,0,0,0,0,0,0,0,127466,0,0,0,0,0,0,0,0,0,0,200,0,0,0,126457,0,0,0,0,809,0,0,0,0,0,0,0,0,126657,809,0,0,0,0,0,0,0,0,0,0,0,0,0,0,0,105316,0,0,0,0,0,0,0,0,0,0,665,0,0,0,103842,0,0,0,0,809,0,0,0,0,0,0,0,0,104507,809,0,0,0,0,0,0,0,0,0,0,0,0,0,0,0
060080,55433,Blue Cross and Blue Shield of Alabama,25372,0,0,0,0,0,0,0,0,0,0,0,0,0,0,2,23265,0,0,2105,0,0,0,0,0,0,0,0,0,2107,23265,0,0,0,0,0,0,0,0,0,0,0,0,0,0,0,26468,0,0,0,0,0,0,0,0,0,0,0,0,0,0,0,24363,0,0,0,2105,0,0,0,0,0,0,0,0,0,26468,0,0,0,0,0,0,0,0,0,0,0,0,0,0,0,28097,0,0,0,0,0,0,0,0,0,0,0,0,0,0,1740,23265,0,0,3091,0,0,0,0,0,0,0,0,0,4832,23265,0,0,0,0,0,0,0,0,0,0,0,0,0,0,0,38423,0,0,0,0,0,0,0,0,0,0,0,0,0,0,2486,31541,0,0,0,0,0,0,0,0,0,0,0,0,6882,31541,0,0,0,0,0,0,0,0,4396,0,0,0,0,0,0,39844,0,0,0,0,0,0,0,0,0,0,0,0,0,0,3225,31541,0,0,5077,0,0,0,0,0,0,0,0,0,8303,31541,0,0,0,0,0,0,0,0,0,0,0,0,0,0,0,39844,0,0,0,0,0,0,0,0,0,0,0,0,0,0,3225,31541,0,0,5077,0,0,0,0,0,0,0,0,0,8303,31541,0,0,0,0,0,0,0,0,0,0,0,0,0,0,0
020455,00000,Blue Cross and Blue Shield of MA Group (G),948641,0,0,0,0,0,0,0,0,0,0,0,0,179327,0,304621,0,26810,0,244728,57076,10000,0,0,125728,0,0,0,0,765486,183154,0,0,0,0,0,0,0,350,0,0,0,0,0,0,0,835752,0,0,0,0,0,0,0,0,0,0,0,0,275515,0,223325,0,43595,0,225189,57778,10000,0,0,0,0,0,0,0,777624,58128,0,0,0,0,0,0,0,350,0,0,0,0,0,0,0,898311,0,0,0,0,0,0,0,0,0,0,0,0,304524,0,233488,0,45344,0,259021,55384,0,0,0,0,0,0,0,0,842377,55934,0,0,0,0,0,0,0,550,0,0,0,0,0,0,0,919884,0,0,0,0,0,0,0,0,0,0,0,0,317544,0,209530,0,59231,0,257764,74990,0,0,0,0,0,0,0,0,844069,75815,0,0,0,0,0,0,0,825,0,0,0,0,0,0,0,923709,0,0,0,0,0,0,0,0,0,0,0,0,309470,0,185592,0,60194,0,272807,94820,0,0,0,0,0,0,0,0,828064,95645,0,0,0,0,0,0,0,825,0,0,0,0,0,0,0,774351,0,0,0,0,0,0,0,0,0,0,0,0,190850,0,156767,0,42162,0,266300,117585,0,0,0,0,0,688,0,0,656078,118273,0,0,0,0,0,0,0,0,0,0,0,0,0,0,0
064465,53589,Blue Cross Blue Shield of Arizona Inc,6139,0,0,0,0,0,0,0,0,0,0,0,0,0,0,0,0,0,0,3933,250,1956,0,0,0,0,0,0,0,5889,250,0,0,0,0,0,0,0,0,0,0,0,0,0,0,0,28514,0,0,0,0,0,0,0,0,0,0,0,0,0,0,0,0,0,0,28264,250,0,0,0,0,0,0,0,0,28264,250,0,0,0,0,0,0,0,0,0,0,0,0,0,0,0,111592,0,0,0,0,0,0,0,0,0,0,0,0,0,0,0,0,20279,0,38071,32675,0,0,0,0,0,0,20567,0,78917,32675,0,0,0,0,0,0,0,0,0,0,0,0,0,0,0,146902,0,0,0,0,0,0,0,0,0,0,0,0,0,0,0,0,21333,0,50027,23051,0,0,0,0,0,0,52491,0,123851,23051,0,0,0,0,0,0,0,0,0,0,0,0,0,0,0,185598,0,0,0,0,0,0,0,0,0,0,0,0,0,0,0,0,47549,0,57093,23879,0,0,0,0,0,0,38133,0,161720,23879,18945,0,0,0,0,0,0,0,0,0,0,0,0,0,0,200218,0,0,0,0,0,0,0,0,0,0,0,0,0,0,0,0,58805,0,49460,30879,0,0,0,0,0,0,43367,0,169339,30879,17707,0,0,0,0,0,0,0,0,0,0,0,0,0,0
020262,00000,Blue Cross Blue Shield of Michigan Group (G),109524,0,0,0,0,0,0,0,0,0,0,0,0,0,0,0,0,0,0,0,0,0,0,0,0,0,0,109524,0,109524,0,0,0,0,0,0,0,0,0,0,0,0,0,0,0,0,258240,0,0,0,0,0,0,0,0,0,0,0,0,0,0,0,0,0,0,0,0,0,0,0,0,0,0,111599,146642,111599,146642,0,0,0,0,0,0,0,0,0,0,0,0,0,0,0,284519,0,0,0,0,0,0,0,0,0,0,0,0,0,0,0,0,0,0,0,0,0,0,0,0,0,0,143348,141171,143348,141171,0,0,0,0,0,0,0,0,0,0,0,0,0,0,0,329284,0,0,0,0,0,0,0,0,0,0,0,0,0,0,0,0,0,0,170884,158399,0,0,0,0,0,0,0,0,170884,158399,0,0,0,0,0,0,0,0,0,0,0,0,0,0,0,345774,0,0,0,0,0,0,0,0,0,0,0,0,0,0,0,0,0,0,120105,225669,0,0,0,0,0,0,0,0,120105,225669,0,0,0,0,0,0,0,0,0,0,0,0,0,0,0,413943,0,0,0,0,0,0,0,0,0,0,0,0,0,0,0,0,0,0,171442,242501,0,0,0,0,0,0,0,0,171442,242501,0,0,0,0,0,0,0,0,0,0,0,0,0,0,0
070913,00000,Blue Cross Blue Shield of Minnesota Grp (G),1223,0,0,0,0,0,0,0,0,0,0,0,0,0,0,0,39,0,0,245,0,0,0,0,0,0,0,939,0,1184,39,0,0,0,0,0,0,0,0,0,0,0,0,0,0,0,1393,0,0,0,0,0,0,0,0,0,0,0,0,0,0,0,39,0,0,415,0,0,0,0,0,0,0,939,0,1354,39,0,0,0,0,0,0,0,0,0,0,0,0,0,0,0,1393,0,0,0,0,0,0,0,0,0,0,0,0,0,0,0,39,0,0,415,0,0,0,0,0,0,0,939,0,1354,39,0,0,0,0,0,0,0,0,0,0,0,0,0,0,0,24079,0,0,0,0,0,0,0,0,0,0,0,0,0,0,0,38,0,0,505,0,0,0,0,0,0,0,23537,0,24042,38,0,0,0,0,0,0,0,0,0,0,0,0,0,0,0,22686,0,0,0,0,0,0,0,0,0,0,0,0,0,0,0,38,0,0,595,0,0,0,0,0,0,0,22054,0,22649,38,0,0,0,0,0,0,0,0,0,0,0,0,0,0,0,2977,0,0,0,0,0,0,0,0,0,0,2259,0,0,0,0,38,0,0,680,0,0,0,0,0,0,0,0,0,2939,38,0,0,0,0,0,0,0,0,0,0,0,0,0,0,0
061788,00000,California Physicians' Service Group (G),0,0,0,0,0,0,0,0,0,0,0,0,0,0,0,0,0,0,0,0,0,0,0,0,0,0,0,0,0,0,0,0,0,0,0,0,0,0,0,0,0,0,0,0,0,0,0,0,0,0,0,0,0,0,0,0,0,0,0,0,0,0,0,0,0,0,0,0,0,0,0,0,0,0,0,0,0,0,0,0,0,0,0,0,0,0,0,0,0,0,0,0,0,0,0,0,0,0,0,0,0,0,0,0,0,0,0,0,0,0,0,0,0,0,0,0,0,0,0,0,0,0,0,0,0,0,0,0,0,0,0,0,0,0,0,0,0,0,0,0,0,0,0,0,0,0,0,0,0,0,0,0,0,0,0,0,0,0,0,0,0,0,0,0,0,0,0,0,0,0,0,0,0,0,0,0,0,0,0,0,0,0,0,0,-5267,0,0,0,0,0,0,0,0,0,0,0,0,0,0,0,0,0,0,0,0,0,0,0,0,0,0,0,-5267,0,-5267,0,0,0,0,0,0,0,0,0,0,0,0,0,0,0,-236415,0,0,0,0,0,0,0,0,0,0,0,0,0,0,0,0,0,0,0,0,0,0,0,0,0,0,0,-236415,0,-236415,0,0,0,0,0,0,0,0,0,0,0,0,0,0,0
020393,00000,Capital Blue Cross Companies (G),0,0,0,0,0,0,0,0,0,0,0,0,0,0,0,0,0,0,0,0,0,0,0,0,0,0,0,0,0,0,0,0,0,0,0,0,0,0,0,0,0,0,0,0,0,0,34142,0,0,0,0,0,0,25000,0,0,0,0,0,0,0,9142,0,0,0,0,0,0,0,0,0,0,0,0,0,34142,0,0,0,0,0,0,0,0,0,0,0,0,0,0,0,0,51115,0,0,0,0,0,0,25000,0,0,0,0,0,0,0,11115,10000,0,0,0,0,0,0,0,0,0,0,0,0,36115,15000,0,0,0,0,0,0,0,5000,0,0,0,0,0,0,0,51115,0,0,0,0,0,0,25000,0,0,0,0,0,0,0,11115,10000,0,0,0,0,0,0,0,0,0,0,0,0,36115,15000,0,0,0,0,0,0,0,5000,0,0,0,0,0,0,0,51115,0,0,0,0,0,0,25000,0,0,0,0,0,0,0,11115,10000,0,0,0,0,0,0,0,0,0,0,0,0,36115,15000,0,0,0,0,0,0,0,5000,0,0,0,0,0,0,0,51115,0,0,0,0,0,0,25000,0,0,0,0,0,0,0,11115,10000,0,0,0,0,0,0,0,0,0,0,0,0,36115,15000,0,0,0,0,0,0,0,5000,0,0,0,0,0,0,0
070916,00000,CareFirst Inc Group (G),105455,0,0,0,0,0,0,0,0,0,0,0,0,0,0,26913,722261,0,0,0,0,0,500,0,0,0,0,0,-644220,26913,78541,0,0,0,0,0,0,0,0,0,0,0,0,0,0,0,77064,0,0,0,0,0,0,0,0,0,0,0,0,0,0,0,752170,0,0,0,0,0,500,0,0,0,0,0,-675606,0,77064,0,0,0,0,0,0,0,0,0,0,0,0,0,0,0,77792,0,0,0,0,0,0,0,0,0,0,0,0,0,0,0,752169,0,0,0,0,0,500,0,0,0,0,0,-674877,0,77792,0,0,0,0,0,0,0,0,0,0,0,0,0,0,0,14600,0,0,0,0,0,0,0,0,0,0,0,0,0,0,0,752169,0,0,0,0,0,500,0,0,0,0,0,-738069,0,14600,0,0,0,0,0,0,0,0,0,0,0,0,0,0,0,-9585,0,0,0,0,0,0,0,0,0,0,0,0,0,0,0,752169,0,0,0,0,0,500,0,0,0,0,0,-762254,0,-9585,0,0,0,0,0,0,0,0,0,0,0,0,0,0,0,5650,0,0,0,0,0,0,0,0,0,0,0,0,0,0,0,752169,0,0,0,0,0,500,0,0,0,0,0,-747020,0,5650,0,0,0,0,0,0,0,0,0,0,0,0,0,0,0
070853,00000,CareSource Group (G),0,0,0,0,0,0,0,0,0,0,0,0,0,0,0,0,0,0,0,0,0,0,0,0,0,0,0,0,0,0,0,0,0,0,0,0,0,0,0,0,0,0,0,0,0,0,0,0,0,0,0,0,0,0,0,0,0,0,0,0,0,0,0,0,0,0,0,0,0,0,0,0,0,0,0,0,0,0,0,0,0,0,0,0,0,0,0,0,0,0,0,0,0,0,0,0,0,0,0,0,0,0,0,0,0,0,0,0,0,0,0,0,0,0,0,0,0,0,0,0,0,0,0,0,0,0,0,0,0,0,0,0,0,0,0,0,0,0,0,0,0,0,0,0,0,0,0,0,0,0,0,0,0,0,0,0,0,0,0,0,0,0,0,0,0,0,0,0,0,0,0,0,0,0,0,0,0,0,0,0,0,0,0,0,0,0,0,0,0,0,0,0,0,0,0,0,0,0,0,0,0,0,0,0,0,0,0,0,0,0,0,0,0,0,0,0,0,0,0,0,0,0,0,0,0,0,0,0,0,0,0,0,0,0,0,0,0,0,0,0,0,0,0,0,0,0,0,0,0,0,0,0,0,0,0,0,0,0,0,0,0,0,0,0,0,0,0,0,0,0,0,0,0,0,0,0
070918,00000,Centene Corporation Companies (G),10394,0,0,0,0,0,0,0,0,0,0,0,0,0,0,255,0,0,0,1500,8639,0,0,0,0,0,0,0,0,1755,8639,0,0,0,0,0,0,0,0,0,0,0,0,0,0,0,15837,0,0,0,0,0,0,0,0,0,0,0,0,0,0,368,0,0,0,15469,0,0,0,0,0,0,0,0,0,15837,0,0,0,0,0,0,0,0,0,0,0,0,0,0,0,0,17677,0,0,0,0,0,0,0,0,0,0,0,0,0,0,615,0,0,0,17062,0,0,0,0,0,0,0,0,0,17677,0,0,0,0,0,0,0,0,0,0,0,0,0,0,0,0,19679,0,0,0,0,0,0,0,0,0,0,0,0,0,0,713,0,0,0,15893,0,0,0,0,0,0,0,0,0,19679,0,0,0,0,0,0,0,0,0,3073,0,0,0,0,0,0,31485,0,0,0,0,0,0,0,0,0,0,0,0,0,0,803,0,0,0,30682,0,0,0,0,0,0,0,0,0,31485,0,0,0,0,0,0,0,0,0,0,0,0,0,0,0,0,37725,0,0,0,0,0,0,0,0,0,0,0,0,0,0,0,0,0,0,36925,0,0,0,0,0,0,0,0,0,36925,800,0,0,0,0,0,0,0,0,0,800,0,0,0,0,0
070892,00000,Delta Dental of California Group (G),-3146,0,0,0,0,0,0,0,0,0,0,0,0,0,0,0,0,0,0,0,4148,0,-35750,0,0,0,0,0,28456,0,-3146,0,0,0,0,0,0,0,0,0,0,0,0,0,0,0,-10728,0,0,0,0,0,0,0,0,0,0,0,0,0,0,0,0,0,0,0,4148,0,-45750,0,0,0,0,0,30874,0,-10728,0,0,0,0,0,0,0,0,0,0,0,0,0,0,0,-12592,0,0,0,0,0,0,0,0,0,0,0,0,0,0,0,0,0,0,0,4148,0,-55750,0,0,0,0,0,39010,0,-12592,0,0,0,0,0,0,0,0,0,0,0,0,0,0,0,-15151,0,0,0,0,0,0,0,0,0,0,0,0,0,0,0,0,0,0,0,4148,0,-65750,0,0,0,0,0,46451,0,-15151,0,0,0,0,0,0,0,0,0,0,0,0,0,0,0,-28772,0,0,0,0,0,0,0,0,0,0,0,0,0,0,0,0,0,0,0,0,0,-77110,0,0,0,0,0,48338,0,-28772,0,0,0,0,0,0,0,0,0,0,0,0,0,0,0,-36774,0,0,0,0,0,0,0,0,0,0,0,0,0,0,0,0,0,0,0,0,0,-87110,0,0,0,0,0,50336,0,-36774,0,0,0,0,0,0,0,0,0,0,0,0,0,0,0
020434,00000,EmblemHealth Group (G),54806,0,0,0,0,0,0,0,0,0,0,0,0,0,0,0,0,0,0,0,0,0,-120350,0,0,0,115000,33636,26519,33636,21169,0,0,0,0,0,0,0,0,0,0,0,0,0,0,0,28693,0,0,0,0,0,0,0,0,0,0,0,0,0,0,0,0,0,0,0,0,0,-130350,0,0,0,125000,0,34043,0,28693,0,0,0,0,0,0,0,0,0,0,0,0,0,0,0,35636,0,0,0,0,0,0,0,0,0,0,0,0,0,0,0,0,0,0,0,0,0,-170350,0,0,0,170350,0,35636,0,35636,0,0,0,0,0,0,0,0,0,0,0,0,0,0,0,107132,0,0,0,0,0,0,0,0,0,0,0,0,0,0,0,0,0,0,0,0,0,-165000,0,0,0,165000,0,107132,0,107132,0,0,0,0,0,0,0,0,0,0,0,0,0,0,0,185046,0,0,0,0,0,0,0,0,0,0,0,0,0,0,0,0,0,0,0,0,0,-165000,0,0,0,165000,0,185046,0,185046,0,0,0,0,0,0,0,0,0,0,0,0,0,0,0,185046,0,0,0,0,0,0,0,0,0,0,0,0,0,0,0,0,0,0,0,0,0,-165000,0,0,0,165000,0,185046,0,185046,0,0,0,0,0,0,0,0,0,0,0,0,0,0,0
060082,55107,Excellus Health Plan Inc,0,0,0,0,0,0,0,0,0,0,0,0,0,0,0,0,0,0,0,0,0,0,0,0,0,0,0,0,0,0,0,0,0,0,0,0,0,0,0,0,0,0,0,0,0,0,10,0,0,0,0,0,0,0,0,0,0,0,0,0,0,0,0,0,0,0,10,0,0,0,0,0,0,0,0,0,10,0,0,0,0,0,0,0,0,0,0,0,0,0,0,0,10,0,0,0,0,0,0,0,0,0,0,0,0,0,0,0,0,0,0,0,10,0,0,0,0,0,0,0,0,0,10,0,0,0,0,0,0,0,0,0,0,0,0,0,0,0,10,0,0,0,0,0,0,0,0,0,0,0,0,0,0,0,0,0,0,0,10,0,0,0,0,0,0,0,0,0,10,0,0,0,0,0,0,0,0,0,0,0,0,0,0,0,10,0,0,0,0,0,0,0,0,0,0,0,0,0,0,0,0,0,0,0,10,0,0,0,0,0,0,0,0,0,10,0,0,0,0,0,0,0,0,0,0,0,0,0,0,0,0,0,0,0,0,0,0,0,0,0,0,0,0,0,0,0,0,0,0,0,0,0,0,0,0,0,0,0,0,0,0,0,0,0,0,0,0,0,0,0,0,0,0,0,0,0
070960,00000,Group Health Cooperative of Puget Sound (G),28129,0,0,0,0,0,0,0,0,0,0,0,0,0,0,0,0,13429,0,0,0,0,0,0,0,0,0,0,14700,13429,14700,0,0,0,0,0,0,0,0,0,0,0,0,0,0,0,31928,0,0,0,0,0,0,0,0,0,0,0,0,0,0,0,0,13429,0,0,0,0,0,0,0,0,0,0,18499,13429,18499,0,0,0,0,0,0,0,0,0,0,0,0,0,0,0,34278,0,0,0,0,0,0,0,0,0,0,0,0,0,0,0,0,13429,0,0,0,0,0,0,0,0,0,0,20849,13429,20849,0,0,0,0,0,0,0,0,0,0,0,0,0,0,0,64278,0,0,0,0,0,0,0,0,0,0,0,0,0,0,0,0,13429,0,0,0,0,0,0,0,0,0,30000,20849,43429,20849,0,0,0,0,0,0,0,0,0,0,0,0,0,0,0,64278,0,0,0,0,0,0,0,0,0,0,0,0,0,0,0,0,13429,0,0,0,0,0,0,0,0,0,30000,20849,43429,20849,0,0,0,0,0,0,0,0,0,0,0,0,0,0,0,59345,0,0,0,0,0,0,0,0,0,0,0,0,0,0,0,0,0,0,0,0,0,0,0,0,0,0,30000,29345,30000,29345,0,0,0,0,0,0,0,0,0,0,0,0,0,0,0
070929,00000,Health Care Service Corp Health Group (G),133482,0,0,0,0,0,0,0,0,0,0,0,0,3029,0,3,122450,0,0,0,0,0,0,0,0,0,0,0,0,3032,130450,0,0,0,0,0,0,0,8000,0,0,0,0,0,0,0,157750,0,0,0,0,0,0,0,0,0,0,0,0,3029,0,3,130218,0,0,0,0,0,0,0,0,0,0,0,0,3032,154718,0,0,0,0,0,0,0,24500,0,0,0,0,0,0,0,184331,0,0,0,0,0,0,0,0,0,0,0,0,6118,0,1519,129945,0,0,0,0,0,0,0,0,0,0,0,0,7637,176695,0,0,0,0,0,0,0,46750,0,0,0,0,0,0,0,183437,0,0,0,0,0,0,0,0,0,0,0,0,0,7996,3968,130474,0,0,0,0,0,0,0,0,0,0,0,0,3968,179470,0,0,0,0,0,0,0,41000,0,0,0,0,0,0,0,199223,0,0,0,0,0,0,0,0,0,0,0,0,0,8977,9171,168074,0,0,0,0,0,0,0,0,0,0,0,0,9171,190051,0,0,0,0,0,0,0,13000,0,0,0,0,0,0,0,177971,0,0,0,0,0,0,0,0,0,0,0,0,0,9212,8,154134,0,0,0,0,0,0,0,0,0,0,0,617,8,177963,0,0,0,0,0,0,0,14000,0,0,0,0,0,0,0
070930,00000,HealthPartners Inc Group (G),12783,0,0,0,0,0,0,0,0,0,0,0,0,0,0,0,0,0,0,0,0,0,0,0,0,0,0,0,12783,0,12783,0,0,0,0,0,0,0,0,0,0,0,0,0,0,0,11142,0,0,0,0,0,0,0,0,0,0,0,0,0,0,0,0,0,0,0,0,0,0,0,0,0,0,0,11142,0,11142,0,0,0,0,0,0,0,0,0,0,0,0,0,0,0,11907,0,0,0,0,0,0,0,0,0,0,0,0,0,0,0,0,0,0,0,0,0,0,0,0,0,0,0,11907,0,11907,0,0,0,0,0,0,0,0,0,0,0,0,0,0,0,8772,0,0,0,0,0,0,0,0,0,0,0,0,0,0,0,0,0,0,0,0,0,0,0,0,0,0,0,8772,0,8772,0,0,0,0,0,0,0,0,0,0,0,0,0,0,0,51038,0,0,0,0,0,0,0,0,0,0,0,0,0,0,0,0,0,0,0,0,0,0,0,0,0,0,0,51038,0,51038,0,0,0,0,0,0,0,0,0,0,0,0,0,0,0,50500,0,0,0,0,0,0,0,0,0,0,0,0,0,0,0,0,0,0,0,0,0,0,0,0,0,0,0,50500,0,50500,0,0,0,0,0,0,0,0,0,0,0,0,0,0,0
070895,00000,Highmark Health Companies (G),129299,0,0,0,0,0,0,0,0,0,0,1089,0,2569,0,1456,0,0,11999,34463,34781,6421,31847,0,0,0,0,265,4409,46263,83036,0,0,0,0,0,0,0,0,0,0,0,0,0,0,0,225545,0,0,0,0,0,0,0,0,0,0,1089,0,2024,0,2730,0,0,11999,22985,42637,50000,85764,0,0,0,0,265,6052,79093,146452,0,0,0,0,0,0,0,0,0,0,0,0,0,0,0,462744,0,0,0,0,0,0,10123,0,0,0,100000,80001,1973,0,3109,0,0,10821,28594,188531,0,32220,0,0,0,0,1000,6374,144798,317947,0,0,0,0,0,0,0,0,0,0,0,0,0,0,0,384335,0,0,0,0,0,0,22263,0,0,0,0,338115,1938,0,3473,0,0,11999,38526,40572,0,39965,0,0,0,0,652,-113168,66852,317484,0,0,0,0,0,0,0,0,0,0,0,0,0,0,0,616651,0,0,0,0,0,0,23096,0,0,0,0,550902,1932,0,3846,0,0,0,39850,88151,0,44617,0,0,0,0,661,-136406,69386,547265,0,0,0,0,0,0,0,0,0,0,0,0,0,0,0,706654,0,0,0,0,0,0,0,0,0,0,0,658392,6422,0,0,0,4106,0,57463,61765,0,60135,0,0,0,0,661,-142290,68652,638002,0,0,0,0,0,0,0,0,0,0,0,0,0,0,0
070932,00000,Horizon Healthcare Services Companies (G),134705,0,0,0,0,0,0,0,0,0,0,0,0,0,0,0,0,0,0,0,0,0,0,0,0,0,0,105139,29566,105139,29566,0,0,0,0,0,0,0,0,0,0,0,0,0,0,0,121042,0,0,0,0,0,0,0,0,0,0,0,0,0,0,0,0,0,0,0,0,0,0,0,0,0,0,91475,29566,91475,29566,0,0,0,0,0,0,0,0,0,0,0,0,0,0,0,180713,0,0,0,0,0,0,0,0,0,0,0,0,0,0,0,0,0,0,0,0,0,0,0,0,0,0,128195,52518,128195,52518,0,0,0,0,0,0,0,0,0,0,0,0,0,0,0,202743,0,0,0,0,0,0,0,0,0,0,0,0,0,0,0,0,0,0,0,0,0,0,0,0,0,0,151889,50855,151889,50855,0,0,0,0,0,0,0,0,0,0,0,0,0,0,0,215336,0,0,0,0,0,0,0,0,0,0,0,0,0,0,0,0,0,0,0,0,0,0,0,0,0,0,164482,50855,164482,50855,0,0,0,0,0,0,0,0,0,0,0,0,0,0,0,226661,0,0,0,0,0,0,0,0,0,0,0,0,0,0,0,0,0,0,0,0,0,0,0,0,0,0,226661,0,226661,0,0,0,0,0,0,0,0,0,0,0,0,0,0,0,0
070970,00000,Humana Health Companies (G),1656,0,0,0,0,0,0,0,0,0,0,0,0,0,0,0,0,0,0,0,0,0,0,0,0,0,0,0,0,1656,0,0,0,0,0,0,0,0,0,0,0,0,0,0,0,0,3216,0,0,0,0,0,0,0,0,0,0,0,0,0,0,0,0,0,0,0,0,0,0,0,0,0,0,1561,0,3216,0,0,0,0,0,0,0,0,0,0,0,0,0,0,0,0,0,0,0,0,0,0,0,0,0,0,0,0,0,0,0,0,0,0,0,0,0,0,0,0,0,0,0,0,0,0,0,0,0,0,0,0,0,0,0,0,0,0,0,0,0,0,1561,0,0,0,0,0,0,0,0,0,0,0,0,0,0,0,0,0,0,0,0,0,0,0,0,0,0,1561,0,1561,0,0,0,0,0,0,0,0,0,0,0,0,0,0,0,0,561,0,0,0,0,0,0,0,0,0,0,0,0,0,0,0,0,0,0,561,0,0,0,0,0,0,0,0,0,561,0,0,0,0,0,0,0,0,0,0,0,0,0,0,0,0,1399,0,0,0,0,0,0,0,0,0,0,0,0,0,0,0,0,0,0,1399,0,0,0,0,0,0,0,0,0,1399,0,0,0,0,0,0,0,0,0,0,0,0,0,0,0,0
070982,00000,Independence Blue Cross Group (G),4451,0,0,0,0,0,0,0,0,0,0,0,0,0,0,2565,0,0,0,1886,0,0,0,0,0,0,0,0,0,4451,0,0,0,0,0,0,0,0,0,0,0,0,0,0,0,0,196226,0,0,0,0,0,0,0,0,0,0,0,0,0,0,70890,155304,0,0,1886,19155,0,0,0,0,0,0,0,-51009,72776,123450,0,0,0,0,0,0,0,0,0,0,0,0,0,0,0,173823,0,0,0,0,0,0,0,0,0,0,0,0,0,0,72351,163304,0,0,2770,22155,0,0,0,0,0,0,0,-86757,75121,98702,0,0,0,0,0,0,0,0,0,0,0,0,0,0,0,161863,0,0,0,0,0,0,0,0,0,0,0,0,0,0,63982,188272,0,0,3964,13904,0,0,0,0,0,0,0,-108259,67947,93917,0,0,0,0,0,0,0,0,0,0,0,0,0,0,0,17855,0,0,0,0,0,0,0,0,0,0,0,0,0,0,8508,4460,0,0,4575,13904,0,0,0,0,0,0,0,-13592,13083,4772,0,0,0,0,0,0,0,0,0,0,0,0,0,0,0,22686,0,0,0,0,0,0,0,0,0,0,0,0,0,0,7631,12568,0,0,4550,13904,0,0,0,0,0,0,0,-15966,12181,10505,0,0,0,0,0,0,0,0,0,0,0,0,0,0,0
070936,00000,Kaiser Foundation Group of Health Plans (G),500,0,0,0,0,0,0,0,0,0,0,0,0,0,0,0,0,0,0,0,0,0,0,0,0,0,0,0,500,0,500,0,0,0,0,0,0,0,0,0,0,0,0,0,0,0,0,0,0,0,0,0,0,0,0,0,0,0,0,0,0,0,0,0,0,0,0,0,0,0,0,0,0,0,0,0,0,0,0,0,0,0,0,0,0,0,0,0,0,0,0,0,0,0,0,0,0,0,0,0,0,0,0,0,0,0,0,0,0,0,0,0,0,0,0,0,0,0,0,0,0,0,0,0,0,0,0,0,0,0,0,0,0,0,0,0,0,0,0,0,0,0,0,0,0,0,0,0,0,0,0,0,0,0,0,0,0,0,0,0,0,0,0,0,0,0,0,0,0,0,0,0,0,0,0,0,0,0,0,0,0,0,0,0,0,0,0,0,0,0,0,0,0,0,0,0,0,0,0,0,0,0,0,0,0,0,0,0,0,0,0,0,0,0,0,0,0,0,0,0,0,0,0,0,0,0,0,0,0,0,0,0,0,0,0,0,0,0,0,0,0,0,0,0,0,0,0,0,0,0,0,0,0,0,0,0,0,0,0,0,0,0,0,0,0,0,0,0,0,0,0,0,0,0,0,0
064652,00000,Local Initiative Health Authority of LA,0,0,0,0,0,0,0,0,0,0,0,0,0,0,0,0,0,0,0,0,0,0,0,0,0,0,0,0,0,0,0,0,0,0,0,0,0,0,0,0,0,0,0,0,0,0,0,0,0,0,0,0,0,0,0,0,0,0,0,0,0,0,0,0,0,0,0,0,0,0,0,0,0,0,0,0,0,0,0,0,0,0,0,0,0,0,0,0,0,0,0,0,0,0,0,0,0,0,0,0,0,0,0,0,0,0,0,0,0,0,0,0,0,0,0,0,0,0,0,0,0,0,0,0,0,0,0,0,0,0,0,0,0,0,0,0,0,0,0,0,0,0,0,0,0,0,0,0,0,0,0,0,0,0,0,0,0,0,0,0,0,0,0,0,0,0,0,0,0,0,0,0,0,0,0,0,0,0,0,0,0,0,0,0,0,0,0,0,0,0,0,0,0,0,0,0,0,0,0,0,0,0,0,0,0,0,0,0,0,0,0,0,0,0,0,0,0,0,0,0,0,0,0,0,0,0,0,0,0,0,0,0,0,0,0,0,0,0,0,0,0,0,0,0,0,0,0,0,0,0,0,0,0,0,0,0,0,0,0,0,0,0,0,0,0,0,0,0,0,0,0,0,0,0,0,0
070997,00000,Louisiana Health Services Group (G),14986,0,0,0,0,0,0,0,0,0,0,0,0,0,0,14986,0,0,0,0,0,0,0,0,0,0,0,0,0,14986,0,0,0,0,0,0,0,0,0,0,0,0,0,0,0,0,18188,0,0,0,0,0,0,0,0,0,0,0,0,0,0,18188,0,0,0,0,0,0,0,0,0,0,0,0,0,18188,0,0,0,0,0,0,0,0,0,0,0,0,0,0,0,0,21274,0,0,0,0,0,0,0,0,0,0,0,0,0,0,21274,0,0,0,0,0,0,0,0,0,0,0,0,0,21274,0,0,0,0,0,0,0,0,0,0,0,0,0,0,0,0,64425,0,0,0,0,0,0,0,0,0,0,0,0,0,0,64425,0,0,0,0,0,0,0,0,0,0,0,0,0,64425,0,0,0,0,0,0,0,0,0,0,0,0,0,0,0,0,62592,0,0,0,0,0,0,0,0,0,0,0,0,0,0,62592,0,0,0,0,0,0,0,0,0,0,0,0,0,62592,0,0,0,0,0,0,0,0,0,0,0,0,0,0,0,0,68433,0,0,0,0,0,0,0,0,0,0,0,0,0,0,56245,0,0,0,12188,0,0,0,0,0,0,0,0,0,68433,0,0,0,0,0,0,0,0,0,0,0,0,0,0,0,0
070102,00000,Medco Containment Group (G),0,0,0,0,0,0,0,0,0,0,0,0,0,0,0,0,0,0,0,0,0,0,0,0,0,0,0,0,0,0,0,0,0,0,0,0,0,0,0,0,0,0,0,0,0,0,0,0,0,0,0,0,0,0,0,0,0,0,0,0,0,0,0,0,0,0,0,0,0,0,0,0,0,0,0,0,0,0,0,0,0,0,0,0,0,0,0,0,0,0,0,0,0,0,0,0,0,0,0,0,0,0,0,0,0,0,0,0,0,0,0,0,0,0,0,0,0,0,0,0,0,0,0,0,0,0,0,0,0,0,0,0,0,0,0,0,0,0,0,0,0,0,0,0,0,0,0,0,0,0,0,0,0,0,0,0,0,0,0,0,0,0,0,0,0,0,0,0,0,0,0,0,0,0,0,0,0,0,0,0,0,0,0,0,0,0,0,0,0,0,0,0,0,0,0,0,0,0,0,0,0,0,0,0,0,0,0,0,0,0,0,0,0,0,0,0,0,0,0,0,0,0,0,0,0,0,0,0,0,0,0,0,0,0,0,0,0,0,0,0,0,0,0,0,0,0,0,0,0,0,0,0,0,0,0,0,0,0,0,0,0,0,0,0,0,0,0,0,0,0,0,0,0,0,0,0
070902,00000,Medica Holding Companies (G),3702,0,0,0,0,0,0,0,0,0,0,0,0,0,0,0,0,0,0,0,0,0,3250,0,0,0,0,452,0,452,3250,0,0,0,0,0,0,0,0,0,0,0,0,0,0,0,452,0,3250,452,0,0,0,0,0,0,0,0,0,0,0,0,0,0,0,0,0,0,-3250,0,0,0,0,0,0,452,0,0,0,0,0,0,0,0,0,0,0,0,0,0,0,0,452,0,0,0,0,0,0,0,0,0,0,0,0,0,0,0,0,0,0,0,0,452,0,0,0,0,0,0,0,452,0,0,0,0,0,0,0,0,0,0,0,0,0,0,0,0,452,0,0,0,0,0,0,0,0,0,0,0,0,0,0,0,0,0,0,452,33250,0,-33250,0,0,0,0,0,0,452,0,0,0,0,0,0,0,0,0,0,0,0,0,0,0,0,0,0,0,0,0,0,0,0,0,0,0,0,0,0,0,0,0,0,0,0,33250,0,-33250,0,0,0,0,0,0,0,0,0,0,0,0,0,0,0,0,0,0,0,0,0,0,0,17500,0,0,0,0,0,0,0,0,0,0,0,0,0,0,0,0,0,0,0,33250,0,-33250,17500,0,0,0,0,0,17500,0,0,0,0,0,0,0,0,0,0,0,0,0,0,0,0
020468,00000,Medical Mutual of Ohio Group (G),126687,0,0,0,0,0,0,0,0,0,0,0,0,0,0,10409,109247,0,0,0,0,0,0,0,0,0,0,7031,0,17440,109247,0,0,0,0,0,0,0,0,0,0,0,0,0,0,0,129266,0,0,0,0,0,0,0,0,0,0,0,0,0,0,11847,109247,0,0,0,0,0,0,0,0,0,0,8172,0,20019,109247,0,0,0,0,0,0,0,0,0,0,0,0,0,0,0,128202,0,0,0,0,0,0,0,0,0,0,0,0,0,0,12031,109247,0,0,0,0,0,0,0,0,0,0,6925,0,18955,109247,0,0,0,0,0,0,0,0,0,0,0,0,0,0,0,131508,0,0,0,0,0,0,0,0,0,0,0,0,0,0,14352,109247,0,0,0,0,0,0,0,0,0,0,7909,0,22262,109247,0,0,0,0,0,0,0,0,0,0,0,0,0,0,0,134600,0,0,0,0,0,0,0,0,0,0,0,0,0,0,15675,109247,0,0,0,0,0,0,0,0,0,0,9678,0,25353,109247,0,0,0,0,0,0,0,0,0,0,0,0,0,0,0,87240,0,0,0,0,0,0,0,0,0,0,0,0,0,0,17142,59156,0,0,0,0,0,0,0,0,0,0,10942,0,28084,59156,0,0,0,0,0,0,0,0,0,0,0,0,0,0,0
020326,00000,Molina Healthcare Group (G),0,0,0,0,0,0,0,0,0,0,0,0,0,0,0,0,0,0,0,0,0,0,0,0,0,0,0,0,0,0,0,0,0,0,0,0,0,0,0,0,0,0,0,0,0,0,0,0,0,0,0,0,0,0,0,0,0,0,0,0,0,0,0,0,0,0,0,0,0,0,0,0,0,0,0,0,0,0,0,0,0,0,0,0,0,0,0,0,0,0,0,0,0,0,0,0,0,0,0,0,0,0,0,0,0,0,0,0,0,0,0,0,0,0,0,0,0,0,0,0,0,0,0,0,0,0,0,0,0,0,0,0,0,0,0,0,0,0,0,0,0,0,0,0,0,0,0,0,0,0,0,0,0,0,0,0,0,0,0,0,0,0,0,0,0,0,0,0,0,0,0,0,0,0,0,0,0,0,0,0,0,0,0,0,0,0,0,0,0,0,0,0,0,0,0,0,0,0,0,0,0,0,0,0,0,0,0,0,0,0,0,0,0,0,0,0,0,0,0,0,0,0,0,0,0,0,0,0,0,0,0,0,0,0,0,0,0,0,0,0,0,0,0,0,0,0,0,0,0,0,0,0,0,0,0,0,0,0,0,0,0,0,0,0,0,0,0,0,0,0,0,0,0,0,0,0
064713,00000,Orange Prevention & Trtmt Int Med Assist,0,0,0,0,0,0,0,0,0,0,0,0,0,0,0,0,0,0,0,0,0,0,0,0,0,0,0,0,0,0,0,0,0,0,0,0,0,0,0,0,0,0,0,0,0,0,0,0,0,0,0,0,0,0,0,0,0,0,0,0,0,0,0,0,0,0,0,0,0,0,0,0,0,0,0,0,0,0,0,0,0,0,0,0,0,0,0,0,0,0,0,0,0,0,0,0,0,0,0,0,0,0,0,0,0,0,0,0,0,0,0,0,0,0,0,0,0,0,0,0,0,0,0,0,0,0,0,0,0,0,0,0,0,0,0,0,0,0,0,0,0,0,0,0,0,0,0,0,0,0,0,0,0,0,0,0,0,0,0,0,0,0,0,0,0,0,0,0,0,0,0,0,0,0,0,0,0,0,0,0,0,0,0,0,0,0,0,0,0,0,0,0,0,0,0,0,0,0,0,0,0,0,0,0,0,0,0,0,0,0,0,0,0,0,0,0,0,0,0,0,0,0,0,0,0,0,0,0,0,0,0,0,0,0,0,0,0,0,0,0,0,0,0,0,0,0,0,0,0,0,0,0,0,0,0,0,0,0,0,0,0,0,0,0,0,0,0,0,0,0,0,0,0,0,0,0
070993,00000,Premera Companies (G),67021,0,0,0,0,0,0,0,0,0,0,0,0,0,0,63021,0,0,0,0,0,0,0,0,0,0,0,0,0,67021,0,0,0,0,0,0,0,4000,0,0,0,0,0,0,0,0,106014,0,0,0,0,0,0,0,0,0,0,0,0,0,0,102014,0,0,0,0,0,0,0,0,0,0,0,0,0,106014,0,0,0,0,0,0,0,4000,0,0,0,0,0,0,0,0,103379,0,0,0,0,0,0,0,0,0,0,0,0,0,0,0,0,21004,0,77076,5300,0,0,0,0,0,0,0,0,98079,5300,0,0,0,0,0,0,0,0,0,0,0,0,0,0,0,178597,0,0,0,0,0,0,0,0,0,0,0,0,0,0,0,0,21822,0,153813,2963,0,0,0,0,0,0,0,0,175634,2963,0,0,0,0,0,0,0,0,0,0,0,0,0,0,0,184634,0,0,0,0,0,0,0,0,0,0,0,0,0,0,0,0,27614,0,156617,0,0,0,0,0,0,0,0,0,184634,0,0,0,0,0,0,0,403,0,0,0,0,0,0,0,0,237175,0,0,0,0,0,0,0,0,0,0,0,0,0,0,0,0,30590,0,202585,4000,0,0,0,0,0,0,0,0,233175,4000,0,0,0,0,0,0,0,0,0,0,0,0,0,0,0
020353,00000,Regence Group (G),63731,0,0,0,0,0,0,0,0,0,0,0,0,0,0,129,0,5000,0,65167,0,0,0,0,0,0,0,0,-6565,70296,-6565,0,0,0,0,0,0,0,0,0,0,0,0,0,0,0,63765,0,0,0,0,0,0,0,0,0,0,0,0,0,0,130,0,5000,0,65167,0,0,0,0,0,0,0,0,-6531,70297,-6531,0,0,0,0,0,0,0,0,0,0,0,0,0,0,0,63755,0,0,0,0,0,0,0,0,0,0,0,0,0,0,130,0,5000,0,65167,0,0,0,0,0,0,0,0,-6543,70298,-6543,0,0,0,0,0,0,0,0,0,0,0,0,0,0,0,117100,0,0,0,0,0,0,0,0,0,0,0,0,0,0,53470,0,5000,0,0,0,0,0,0,0,0,0,0,-6537,123637,-6537,0,0,0,0,0,0,0,0,65167,0,0,0,0,0,0,-6055,0,0,0,0,0,0,0,0,0,0,0,0,0,0,0,5000,0,0,0,0,0,0,0,0,0,0,0,-11055,0,-6055,0,0,0,0,0,0,0,0,0,0,0,0,0,0,0,4278,0,0,0,0,0,0,0,0,0,0,0,0,0,0,1386,6000,0,0,0,0,0,0,0,0,0,0,0,-3108,1386,2892,0,0,0,0,0,0,0,0,0,0,0,0,0,0,0
064877,00000,Solano-Napa-Yolo Commission on Med Care,0,0,0,0,0,0,0,0,0,0,0,0,0,0,0,0,0,0,0,0,0,0,0,0,0,0,0,0,0,0,0,0,0,0,0,0,0,0,0,0,0,0,0,0,0,0,0,0,0,0,0,0,0,0,0,0,0,0,0,0,0,0,0,0,0,0,0,0,0,0,0,0,0,0,0,0,0,0,0,0,0,0,0,0,0,0,0,0,0,0,0,0,0,0,0,0,0,0,0,0,0,0,0,0,0,0,0,0,0,0,0,0,0,0,0,0,0,0,0,0,0,0,0,0,0,0,0,0,0,0,0,0,0,0,0,0,0,0,0,0,0,0,0,0,0,0,0,0,0,0,0,0,0,0,0,0,0,0,0,0,0,0,0,0,0,0,0,0,0,0,0,0,0,0,0,0,0,0,0,0,0,0,0,0,0,0,0,0,0,0,0,0,0,0,0,0,0,0,0,0,0,0,0,0,0,0,0,0,0,0,0,0,0,0,0,0,0,0,0,0,0,0,0,0,0,0,0,0,0,0,0,0,0,0,0,0,0,0,0,0,0,0,0,0,0,0,0,0,0,0,0,0,0,0,0,0,0,0,0,0,0,0,0,0,0,0,0,0,0,0,0,0,0,0,0,0
070897,00000,TheWellCare Group of Companies (G),0,0,0,0,0,0,0,0,0,0,0,0,0,0,0,0,0,0,0,0,0,0,0,0,0,0,0,0,0,0,0,0,0,0,0,0,0,0,0,0,0,0,0,0,0,0,0,0,0,0,0,0,0,0,0,0,0,0,0,0,0,0,0,0,0,0,0,0,0,0,0,0,0,0,0,0,0,0,0,0,0,0,0,0,0,0,0,0,0,0,0,0,0,0,0,0,0,0,0,0,0,0,0,0,0,0,0,0,0,0,0,0,0,0,0,0,0,0,0,0,0,0,0,0,0,0,0,0,0,0,0,0,0,0,0,0,0,0,0,0,0,0,0,0,0,0,0,0,0,0,0,0,0,0,0,0,0,0,0,0,0,0,0,0,0,0,0,0,0,0,0,0,0,0,0,0,0,0,0,0,0,0,0,0,0,0,0,0,0,0,0,0,0,0,0,0,0,0,0,0,0,0,0,0,0,0,0,0,0,0,0,0,0,0,0,0,0,0,0,0,0,0,0,0,0,0,0,0,0,0,0,0,0,0,0,0,0,0,0,0,0,0,0,0,0,0,0,0,0,0,0,0,0,0,0,0,0,0,0,0,0,0,0,0,0,0,0,0,0,0,0,0,0,0,0,0
070875,00000,Tufts Associated Health Plans Group (G),147698,0,0,0,0,0,0,0,0,0,0,0,0,0,0,64174,0,22611,0,5256,0,0,0,0,0,0,0,55657,0,147698,0,0,0,0,0,0,0,0,0,0,0,0,0,0,0,0,115320,0,0,0,0,0,0,0,0,0,0,0,0,0,0,53304,0,0,0,7254,0,0,0,0,0,0,0,54762,0,115320,0,0,0,0,0,0,0,0,0,0,0,0,0,0,0,0,116015,0,0,0,0,0,0,0,0,0,0,0,0,0,0,43526,0,0,0,13005,0,0,0,0,0,0,0,59483,0,116015,0,0,0,0,0,0,0,0,0,0,0,0,0,0,0,0,113651,0,0,0,0,0,0,0,0,0,0,0,0,0,0,93787,0,0,0,19864,0,0,0,0,0,0,0,0,0,113651,0,0,0,0,0,0,0,0,0,0,0,0,0,0,0,0,120740,0,0,0,0,0,0,0,0,0,0,0,0,0,0,97217,0,0,0,23524,0,0,0,0,0,0,0,0,0,120740,0,0,0,0,0,0,0,0,0,0,0,0,0,0,0,0,138359,0,0,0,0,0,0,0,0,0,0,0,0,0,0,99018,0,0,0,37340,0,0,0,0,0,0,0,0,0,138359,0,0,0,0,0,0,0,2000,0,0,0,0,0,0,0,0
070852,00000,UCare Group (G),17900,0,0,0,0,0,0,0,0,0,0,0,0,0,0,0,0,0,0,1400,0,0,16500,0,0,0,0,0,0,1400,16500,0,0,0,0,0,0,0,0,0,0,0,0,0,0,0,-17100,0,0,0,0,0,0,0,0,0,0,0,0,0,0,0,0,0,0,0,0,0,-1100,0,0,0,0,0,-16000,0,-17100,0,0,0,0,0,0,0,0,0,0,0,0,0,0,0,0,0,0,0,0,0,0,0,0,0,0,0,0,0,0,0,0,0,0,0,0,0,0,0,0,0,0,0,0,0,0,0,0,0,0,0,0,0,0,0,0,0,0,0,0,0,0,0,0,0,0,0,0,0,0,0,0,0,0,0,0,0,0,0,0,0,0,0,0,0,0,0,0,0,0,0,0,0,0,0,0,0,0,0,0,0,0,0,0,0,0,0,-16000,0,0,0,0,0,0,0,0,0,0,0,0,0,0,0,0,0,0,0,0,0,0,0,0,0,0,0,-16000,0,-16000,0,0,0,0,0,0,0,0,0,0,0,0,0,0,0,0,0,0,0,0,0,0,0,0,0,0,0,0,0,0,0,0,0,0,0,0,0,0,0,0,0,0,0,0,0,0,0,0,0,0,0,0,0,0,0,0,0,0,0,0,0
070980,00000,UnitedHealth Group Incorporated (G),0,0,0,0,0,0,0,0,0,0,0,0,0,0,0,0,0,0,0,0,0,0,0,0,0,0,0,0,0,0,0,0,0,0,0,0,0,0,0,0,0,0,0,0,0,0,0,0,0,0,0,0,0,0,0,0,0,0,0,0,0,0,0,0,0,0,0,0,0,0,0,0,0,0,0,0,0,0,0,0,0,0,0,0,0,0,0,0,0,0,0,0,8949,0,0,0,0,0,0,0,0,0,0,0,0,0,0,0,0,0,0,0,0,0,0,0,0,0,0,0,0,8949,0,8949,0,0,0,0,0,0,0,0,0,0,0,0,0,0,48119,0,0,0,0,0,0,0,0,0,0,0,0,0,0,0,0,0,0,0,0,0,0,0,0,0,0,0,0,48119,0,8472,0,39647,0,0,0,0,0,0,0,0,0,0,0,0,45499,0,0,0,0,0,0,0,0,0,0,0,0,0,0,0,0,0,0,0,0,0,0,0,0,0,0,0,0,45499,0,7577,0,37921,0,0,0,0,0,0,0,0,0,0,0,0,52807,0,0,0,0,0,0,0,0,0,0,0,0,0,0,0,0,0,0,0,0,0,0,0,0,0,0,0,0,52807,0,15237,0,37570,0,0,0,0,0,0,0,0,0,0,0,0
070966,00000,Vision Service Plan Group (G),-2500,0,0,0,0,0,0,0,0,0,0,0,0,0,0,0,0,0,0,0,0,0,0,0,0,0,0,0,-17500,0,-2500,0,0,0,0,0,0,0,15000,0,0,0,0,0,0,0,11500,0,0,0,0,0,0,0,0,0,0,0,0,0,0,0,0,0,0,0,0,0,0,0,0,0,0,0,-32500,0,11500,0,0,0,0,0,0,0,44000,0,0,0,0,0,0,0,11500,0,0,0,0,0,0,0,0,0,0,0,0,0,0,0,0,0,0,0,0,0,0,0,0,0,0,0,-17500,0,11500,0,0,0,0,0,0,0,29000,0,0,0,0,0,0,0,11500,0,0,0,0,0,0,0,0,0,0,0,0,0,0,0,0,0,0,0,0,0,0,0,0,0,0,0,-17500,0,11500,0,0,0,0,0,0,0,29000,0,0,0,0,0,0,0,11500,0,0,0,0,0,0,0,0,0,0,0,0,0,0,0,0,0,0,0,0,0,0,0,0,0,0,0,-17500,0,11500,0,0,0,0,0,0,0,29000,0,0,0,0,0,0,0,11500,0,0,0,0,0,0,0,0,0,0,0,0,0,0,0,0,0,0,0,0,0,0,0,15000,0,0,0,-17500,0,11500,0,0,0,0,0,0,0,14000,0,0,0,0,0,0,0
064437,00000,Wellmark Group (G),12049,0,0,0,0,0,0,0,0,0,0,4042,0,0,0,0,0,0,0,7975,0,0,0,0,0,0,0,0,32,12017,32,0,0,0,0,0,0,0,0,0,0,0,0,0,0,0,9697,0,0,0,0,0,0,0,0,0,0,1690,0,0,0,0,0,0,0,7975,0,0,0,0,0,0,0,0,32,9665,32,0,0,0,0,0,0,0,0,0,0,0,0,0,0,0,7035,0,0,0,0,0,0,0,0,0,0,1588,0,0,0,0,0,0,0,5414,0,0,0,0,0,0,0,0,32,7002,32,0,0,0,0,0,0,0,0,0,0,0,0,0,0,0,8586,0,0,0,0,0,0,0,0,0,0,1378,0,0,0,0,0,0,0,7176,0,0,0,0,0,0,0,0,32,8554,32,0,0,0,0,0,0,0,0,0,0,0,0,0,0,0,8581,0,0,0,0,0,0,0,0,0,0,614,0,0,0,0,0,0,0,7934,0,0,0,0,0,0,0,0,32,8549,32,0,0,0,0,0,0,0,0,0,0,0,0,0,0,0,7623,0,0,0,0,0,0,0,0,0,0,727,0,0,0,0,0,0,0,6863,0,0,0,0,0,0,0,32,0,7623,0,0,0,0,0,0,0,0,0,0,0,0,0,0,0,0
