,,,#NAME?,,,,,,,,,,,,,,,,,,,,,,,,,,,,,,,,,,,,,,,,,,,,,,,,,,,,,,,,,,,,,,,,,,,,,,,,,,,,,,,,,,,,,,,,,,,,,,,,,,,,,,,,,,,,,,,,,,,,,,,,,,,,,,,,,,,,,,,,,,,,,,,,,,,,,,,,,,,,,,,,,,,,,,,,,,,,,,,,,,,,,,,,,,,,,,,,,,,,,,,,,,,,,,,,,,,,,,,,,,,,,,,,,,,,,,,,,,,,,,,,,,,,,,,,,,,,,,,,,,,,,,,,,,,,,,,,,,,,,,,,,,,,,,,,,,,,,,,,,,,,,,,,,,,,,,,,,,,,,,,,,,,,,,,,,,,,,,,,,,,,,,,,,,,,,,,,,,,,,,,,,,,,,,,,,,,,,,,,,,,,,,,,,,,,,,,,,,,,,,,,,,,
,,,,,,,,,,,,,,,,,,,,,,,,,,,,,,,,,,,,,,,,,,,,,,,,,,,,,,,,,,,,,,,,,,,,,,,,,,,,,,,,,,,,,,,,,,,,,,,,,,,,,,,,,,,,,,,,,,,,,,,,,,,,,,,,,,,,,,,,,,,,,,,,,,,,,,,,,,,,,,,,,,,,,,,,,,,,,,,,,,,,,,,,,,,,,,,,,,,,,,,,,,,,,,,,,,,,,,,,,,,,,,,,,,,,,,,,,,,,,,,,,,,,,,,,,,,,,,,,,,,,,,,,,,,,,,,,,,,,,,,,,,,,,,,,,,,,,,,,,,,,,,,,,,,,,,,,,,,,,,,,,,,,,,,,,,,,,,,,,,,,,,,,,,,,,,,,,,,,,,,,,,,,,,,,,,,,,,,,,,,,,,,,,,,,,,,,,,,,,,,,,,,,,,
,,,2015,,,,,,,,,,,,,,,,,,,,,,,,,,,,,,,,,,,,,,,,,,,,,,,,,,,,,,,,,,,,,,,,,,,,,,,,,,,,,,,,,,,,,,,,,,,,,,,,,,,,,2014,,,,,,,,,,,,,,,,,,,,,,,,,,,,,,,,,,,,,,,,,,,,,,,,,,,,,,,,,,,,,,,,,,,,,,,,,,,,,,,,,,,,,,,,,,,,,,,,,,,,,2013,,,,,,,,,,,,,,,,,,,,,,,,,,,,,,,,,,,,,,,,,,,,,,,,,,,,,,,,,,,,,,,,,,,,,,,,,,,,,,,,,,,,,,,,,,,,,,,,,,,,,2012,,,,,,,,,,,,,,,,,,,,,,,,,,,,,,,,,,,,,,,,,,,,,,,,,,,,,,,,,,,,,,,,,,,,,,,,,,,,,,,,,,,,,,,,,,,,,,,,,,,,
,,,HS00112,HS14138,HS00113,HS00115,HS00116,HS00117,HS00118,HS00119,HS14896,HS14897,HS00120,HS00121,HS00122,HS00123,HS00124,HS00125,HS00126,HS00127,HS07561,HS06152,HS06153,HS00129,HS00130,HS00131,HS06154,HS06155,HS06156,HS00133,HS06157,HS00134,HS00135,HS12697,HS00136,HS12698,HS00137,HS00138,HS00139,HS00140,HS00141,HS00142,HS00143,HS00144,HS00145,HS07562,HS06158,HS06159,HS00147,HS00148,HS00149,HS06160,HS06161,HS06162,HS00151,HS06163,HS00152,HS00153,HS12699,HS00154,HS12700,HS00155,HS00156,HS00157,HS00158,HS00159,HS00160,HS00161,HS00162,HS00163,HS07563,HS06164,HS06165,HS00165,HS00166,HS00167,HS06166,HS00114,HS06167,HS00169,HS06168,HS00170,HS00171,HS12701,HS00172,HS12702,HS00173,HS00174,HS00175,HS00176,HS00177,HS00178,HS07858,HS00179,HS00180,HS00181,HS00182,HS00183,HS00184,HS00185,HS00186,HS00187,HS00188,HS00112,HS14138,HS00113,HS00115,HS00116,HS00117,HS00118,HS00119,HS14896,HS14897,HS00120,HS00121,HS00122,HS00123,HS00124,HS00125,HS00126,HS00127,HS07561,HS06152,HS06153,HS00129,HS00130,HS00131,HS06154,HS06155,HS06156,HS00133,HS06157,HS00134,HS00135,HS12697,HS00136,HS12698,HS00137,HS00138,HS00139,HS00140,HS00141,HS00142,HS00143,HS00144,HS00145,HS07562,HS06158,HS06159,HS00147,HS00148,HS00149,HS06160,HS06161,HS06162,HS00151,HS06163,HS00152,HS00153,HS12699,HS00154,HS12700,HS00155,HS00156,HS00157,HS00158,HS00159,HS00160,HS00161,HS00162,HS00163,HS07563,HS06164,HS06165,HS00165,HS00166,HS00167,HS06166,HS00114,HS06167,HS00169,HS06168,HS00170,HS00171,HS12701,HS00172,HS12702,HS00173,HS00174,HS00175,HS00176,HS00177,HS00178,HS07858,HS00179,HS00180,HS00181,HS00182,HS00183,HS00184,HS00185,HS00186,HS00187,HS00188,HS00112,HS14138,HS00113,HS00115,HS00116,HS00117,HS00118,HS00119,HS14896,HS14897,HS00120,HS00121,HS00122,HS00123,HS00124,HS00125,HS00126,HS00127,HS07561,HS06152,HS06153,HS00129,HS00130,HS00131,HS06154,HS06155,HS06156,HS00133,HS06157,HS00134,HS00135,HS12697,HS00136,HS12698,HS00137,HS00138,HS00139,HS00140,HS00141,HS00142,HS00143,HS00144,HS00145,HS07562,HS06158,HS06159,HS00147,HS00148,HS00149,HS06160,HS06161,HS06162,HS00151,HS06163,HS00152,HS00153,HS12699,HS00154,HS12700,HS00155,HS00156,HS00157,HS00158,HS00159,HS00160,HS00161,HS00162,HS00163,HS07563,HS06164,HS06165,HS00165,HS00166,HS00167,HS06166,HS00114,HS06167,HS00169,HS06168,HS00170,HS00171,HS12701,HS00172,HS12702,HS00173,HS00174,HS00175,HS00176,HS00177,HS00178,HS07858,HS00179,HS00180,HS00181,HS00182,HS00183,HS00184,HS00185,HS00186,HS00187,HS00188,HS00112,HS14138,HS00113,HS00115,HS00116,HS00117,HS00118,HS00119,HS14896,HS14897,HS00120,HS00121,HS00122,HS00123,HS00124,HS00125,HS00126,HS00127,HS07561,HS06152,HS06153,HS00129,HS00130,HS00131,HS06154,HS06155,HS06156,HS00133,HS06157,HS00134,HS00135,HS12697,HS00136,HS12698,HS00137,HS00138,HS00139,HS00140,HS00141,HS00142,HS00143,HS00144,HS00145,HS07562,HS06158,HS06159,HS00147,HS00148,HS00149,HS06160,HS06161,HS06162,HS00151,HS06163,HS00152,HS00153,HS12699,HS00154,HS12700,HS00155,HS00156,HS00157,HS00158,HS00159,HS00160,HS00161,HS00162,HS00163,HS07563,HS06164,HS06165,HS00165,HS00166,HS00167,HS06166,HS00114,HS06167,HS00169,HS06168,HS00170,HS00171,HS12701,HS00172,HS12702,HS00173,HS00174,HS00175,HS00176,HS00177,HS00178,HS07858,HS00179,HS00180,HS00181,HS00182,HS00183,HS00184,HS00185,HS00186,HS00187,HS00188
AMB#,NAIC#,Company Name,Claims unpaid less reins ceded (i),Liab for med loss ratio rebate per phsa (i),Fed & foreign inc tax pay (i),Borrowed money including (i),And interest thereon (i),Including current (i),Funds held under reins treaties (i),Authorized reinsurers (i),Funds held under reins treaties cert reins (i),Reinsurance in certified companies (i),Agg write-in for other liab (i),Less treas stock common (i),Value incl in comm capital stock(i),Less treas stock preferred (i),Value incl in prf capital stock (i),Liab cover claims unpaid,Liab cover accrued med incent pool,Liab cover unpaid claims adj expen,Liab cover agg hlth policy reserves,Liab cover agg life policy reserves,Liab cover p\c unearn pol reserves,Liab cover agg claim reserves,Liab cover prems recd in adv,Liab cover gen expens due or accr,Liab cover fed & fit payable,Liab cover net deferred tax liablty,Liab cover ceded reins prem payable,Liab cover amts withheld or retain,Liab cover remit & item not allowed,Liab cover borr money & interest,Liab cover amts due to p s & a,Liab cover derivatives,Liab cover payable for securities,Liab cover payable for securities lending,Liab cover funds hld und reins trea,Liab cover reins in unauth cos,Liab cover net adj in asts & liab,Liab cover liab amts hld unins plan,Liab cover agg wr-in for oth liabs,Liab cover total liabilities,Liab uncov claims unpaid,Liab uncov accrued med incent pool,Liab uncov unpaid claims adj expen,Liab uncov agg hlth policy reserves,Liab uncover agg life policy reserv,Liab uncover p\c unearn pol reserve,Liab uncov agg claim reserves,Liab uncov prems recd in adv,Liab uncov gen expens due or accr,Liab uncover fed & fit payable,Liab uncover net deferred tax liabl,Liab uncover ceded reins prem paybl,Liab uncov amts withheld or retain,Liab uncover remit & item not allow,Liab uncov borr money & interest,Liab uncov amts due to p s & a,Liab uncov derivatives,Liab uncov payable for securities,Liab uncov payable for securities lending,Liab uncov funds hld und reins trea,Liab uncov reins in unauth cos,Liab uncov net adj in asts & liab,Liab uncov liab amts hld unins plan,Liab uncov agg wr-in for oth liabs,Liab uncov total liabilities,Liab tot claims unpaid,Liab tot accr med incent pool & bon,Liab tot unp claims adj expenses,Liab tot agg hlth policy reserves,Liab tot agg life policy reserves,Liab tot p\c unearn pol reserves,Liab tot agg claim reserves,Liab tot prems recd in advance,Liab tot gen expens due or accrued,Liab tot fed & fit payable,Liab tot net defer tax liab,Liab tot ceded reins prem payable,Liab tot amts wheld or retained,Liab tot remit & item not allowed,Liab tot borr money & int thereon,Liab tot amt due to p s & a,Liab tot derivatives,Liab tot payable for securities,Liab tot payable for securities lending,Liab tot fund held und reins treat,Liab tot reins in unauth companies,Liab tot net adj in asts & liab,Liab tot lia for amts hld unins pln,Liab tot agg wr-in for other liab,Liab tot total liabilities,Curr total agg wr-in for spc splus,Liab tot common cap stock,Liab tot pref cap stock,Liab tot gross pd in & contr surp,Liab tot surplus notes,Liab tot agg wr-in oth th spec sur,Liab tot unassign funds (surp),Liab tot less tr stk at cost comm,Liab tot less tr stk at cost pref,Total capital and surplus,"Liab tot total liab, cap & surp",Claims unpaid less reins ceded (i),Liab for med loss ratio rebate per phsa (i),Fed & foreign inc tax pay (i),Borrowed money including (i),And interest thereon (i),Including current (i),Funds held under reins treaties (i),Authorized reinsurers (i),Funds held under reins treaties cert reins (i),Reinsurance in certified companies (i),Agg write-in for other liab (i),Less treas stock common (i),Value incl in comm capital stock(i),Less treas stock preferred (i),Value incl in prf capital stock (i),Liab cover claims unpaid,Liab cover accrued med incent pool,Liab cover unpaid claims adj expen,Liab cover agg hlth policy reserves,Liab cover agg life policy reserves,Liab cover p\c unearn pol reserves,Liab cover agg claim reserves,Liab cover prems recd in adv,Liab cover gen expens due or accr,Liab cover fed & fit payable,Liab cover net deferred tax liablty,Liab cover ceded reins prem payable,Liab cover amts withheld or retain,Liab cover remit & item not allowed,Liab cover borr money & interest,Liab cover amts due to p s & a,Liab cover derivatives,Liab cover payable for securities,Liab cover payable for securities lending,Liab cover funds hld und reins trea,Liab cover reins in unauth cos,Liab cover net adj in asts & liab,Liab cover liab amts hld unins plan,Liab cover agg wr-in for oth liabs,Liab cover total liabilities,Liab uncov claims unpaid,Liab uncov accrued med incent pool,Liab uncov unpaid claims adj expen,Liab uncov agg hlth policy reserves,Liab uncover agg life policy reserv,Liab uncover p\c unearn pol reserve,Liab uncov agg claim reserves,Liab uncov prems recd in adv,Liab uncov gen expens due or accr,Liab uncover fed & fit payable,Liab uncover net deferred tax liabl,Liab uncover ceded reins prem paybl,Liab uncov amts withheld or retain,Liab uncover remit & item not allow,Liab uncov borr money & interest,Liab uncov amts due to p s & a,Liab uncov derivatives,Liab uncov payable for securities,Liab uncov payable for securities lending,Liab uncov funds hld und reins trea,Liab uncov reins in unauth cos,Liab uncov net adj in asts & liab,Liab uncov liab amts hld unins plan,Liab uncov agg wr-in for oth liabs,Liab uncov total liabilities,Liab tot claims unpaid,Liab tot accr med incent pool & bon,Liab tot unp claims adj expenses,Liab tot agg hlth policy reserves,Liab tot agg life policy reserves,Liab tot p\c unearn pol reserves,Liab tot agg claim reserves,Liab tot prems recd in advance,Liab tot gen expens due or accrued,Liab tot fed & fit payable,Liab tot net defer tax liab,Liab tot ceded reins prem payable,Liab tot amts wheld or retained,Liab tot remit & item not allowed,Liab tot borr money & int thereon,Liab tot amt due to p s & a,Liab tot derivatives,Liab tot payable for securities,Liab tot payable for securities lending,Liab tot fund held und reins treat,Liab tot reins in unauth companies,Liab tot net adj in asts & liab,Liab tot lia for amts hld unins pln,Liab tot agg wr-in for other liab,Liab tot total liabilities,Curr total agg wr-in for spc splus,Liab tot common cap stock,Liab tot pref cap stock,Liab tot gross pd in & contr surp,Liab tot surplus notes,Liab tot agg wr-in oth th spec sur,Liab tot unassign funds (surp),Liab tot less tr stk at cost comm,Liab tot less tr stk at cost pref,Total capital and surplus,"Liab tot total liab, cap & surp",Claims unpaid less reins ceded (i),Liab for med loss ratio rebate per phsa (i),Fed & foreign inc tax pay (i),Borrowed money including (i),And interest thereon (i),Including current (i),Funds held under reins treaties (i),Authorized reinsurers (i),Funds held under reins treaties cert reins (i),Reinsurance in certified companies (i),Agg write-in for other liab (i),Less treas stock common (i),Value incl in comm capital stock(i),Less treas stock preferred (i),Value incl in prf capital stock (i),Liab cover claims unpaid,Liab cover accrued med incent pool,Liab cover unpaid claims adj expen,Liab cover agg hlth policy reserves,Liab cover agg life policy reserves,Liab cover p\c unearn pol reserves,Liab cover agg claim reserves,Liab cover prems recd in adv,Liab cover gen expens due or accr,Liab cover fed & fit payable,Liab cover net deferred tax liablty,Liab cover ceded reins prem payable,Liab cover amts withheld or retain,Liab cover remit & item not allowed,Liab cover borr money & interest,Liab cover amts due to p s & a,Liab cover derivatives,Liab cover payable for securities,Liab cover payable for securities lending,Liab cover funds hld und reins trea,Liab cover reins in unauth cos,Liab cover net adj in asts & liab,Liab cover liab amts hld unins plan,Liab cover agg wr-in for oth liabs,Liab cover total liabilities,Liab uncov claims unpaid,Liab uncov accrued med incent pool,Liab uncov unpaid claims adj expen,Liab uncov agg hlth policy reserves,Liab uncover agg life policy reserv,Liab uncover p\c unearn pol reserve,Liab uncov agg claim reserves,Liab uncov prems recd in adv,Liab uncov gen expens due or accr,Liab uncover fed & fit payable,Liab uncover net deferred tax liabl,Liab uncover ceded reins prem paybl,Liab uncov amts withheld or retain,Liab uncover remit & item not allow,Liab uncov borr money & interest,Liab uncov amts due to p s & a,Liab uncov derivatives,Liab uncov payable for securities,Liab uncov payable for securities lending,Liab uncov funds hld und reins trea,Liab uncov reins in unauth cos,Liab uncov net adj in asts & liab,Liab uncov liab amts hld unins plan,Liab uncov agg wr-in for oth liabs,Liab uncov total liabilities,Liab tot claims unpaid,Liab tot accr med incent pool & bon,Liab tot unp claims adj expenses,Liab tot agg hlth policy reserves,Liab tot agg life policy reserves,Liab tot p\c unearn pol reserves,Liab tot agg claim reserves,Liab tot prems recd in advance,Liab tot gen expens due or accrued,Liab tot fed & fit payable,Liab tot net defer tax liab,Liab tot ceded reins prem payable,Liab tot amts wheld or retained,Liab tot remit & item not allowed,Liab tot borr money & int thereon,Liab tot amt due to p s & a,Liab tot derivatives,Liab tot payable for securities,Liab tot payable for securities lending,Liab tot fund held und reins treat,Liab tot reins in unauth companies,Liab tot net adj in asts & liab,Liab tot lia for amts hld unins pln,Liab tot agg wr-in for other liab,Liab tot total liabilities,Curr total agg wr-in for spc splus,Liab tot common cap stock,Liab tot pref cap stock,Liab tot gross pd in & contr surp,Liab tot surplus notes,Liab tot agg wr-in oth th spec sur,Liab tot unassign funds (surp),Liab tot less tr stk at cost comm,Liab tot less tr stk at cost pref,Total capital and surplus,"Liab tot total liab, cap & surp",Claims unpaid less reins ceded (i),Liab for med loss ratio rebate per phsa (i),Fed & foreign inc tax pay (i),Borrowed money including (i),And interest thereon (i),Including current (i),Funds held under reins treaties (i),Authorized reinsurers (i),Funds held under reins treaties cert reins (i),Reinsurance in certified companies (i),Agg write-in for other liab (i),Less treas stock common (i),Value incl in comm capital stock(i),Less treas stock preferred (i),Value incl in prf capital stock (i),Liab cover claims unpaid,Liab cover accrued med incent pool,Liab cover unpaid claims adj expen,Liab cover agg hlth policy reserves,Liab cover agg life policy reserves,Liab cover p\c unearn pol reserves,Liab cover agg claim reserves,Liab cover prems recd in adv,Liab cover gen expens due or accr,Liab cover fed & fit payable,Liab cover net deferred tax liablty,Liab cover ceded reins prem payable,Liab cover amts withheld or retain,Liab cover remit & item not allowed,Liab cover borr money & interest,Liab cover amts due to p s & a,Liab cover derivatives,Liab cover payable for securities,Liab cover payable for securities lending,Liab cover funds hld und reins trea,Liab cover reins in unauth cos,Liab cover net adj in asts & liab,Liab cover liab amts hld unins plan,Liab cover agg wr-in for oth liabs,Liab cover total liabilities,Liab uncov claims unpaid,Liab uncov accrued med incent pool,Liab uncov unpaid claims adj expen,Liab uncov agg hlth policy reserves,Liab uncover agg life policy reserv,Liab uncover p\c unearn pol reserve,Liab uncov agg claim reserves,Liab uncov prems recd in adv,Liab uncov gen expens due or accr,Liab uncover fed & fit payable,Liab uncover net deferred tax liabl,Liab uncover ceded reins prem paybl,Liab uncov amts withheld or retain,Liab uncover remit & item not allow,Liab uncov borr money & interest,Liab uncov amts due to p s & a,Liab uncov derivatives,Liab uncov payable for securities,Liab uncov payable for securities lending,Liab uncov funds hld und reins trea,Liab uncov reins in unauth cos,Liab uncov net adj in asts & liab,Liab uncov liab amts hld unins plan,Liab uncov agg wr-in for oth liabs,Liab uncov total liabilities,Liab tot claims unpaid,Liab tot accr med incent pool & bon,Liab tot unp claims adj expenses,Liab tot agg hlth policy reserves,Liab tot agg life policy reserves,Liab tot p\c unearn pol reserves,Liab tot agg claim reserves,Liab tot prems recd in advance,Liab tot gen expens due or accrued,Liab tot fed & fit payable,Liab tot net defer tax liab,Liab tot ceded reins prem payable,Liab tot amts wheld or retained,Liab tot remit & item not allowed,Liab tot borr money & int thereon,Liab tot amt due to p s & a,Liab tot derivatives,Liab tot payable for securities,Liab tot payable for securities lending,Liab tot fund held und reins treat,Liab tot reins in unauth companies,Liab tot net adj in asts & liab,Liab tot lia for amts hld unins pln,Liab tot agg wr-in for other liab,Liab tot total liabilities,Curr total agg wr-in for spc splus,Liab tot common cap stock,Liab tot pref cap stock,Liab tot gross pd in & contr surp,Liab tot surplus notes,Liab tot agg wr-in oth th spec sur,Liab tot unassign funds (surp),Liab tot less tr stk at cost comm,Liab tot less tr stk at cost pref,Total capital and surplus,"Liab tot total liab, cap & surp"
070972,00000,Aetna Health Group (G),94463,50764,0,0,0,0,28773,1804,0,0,3,0,0,0,0,2799166,102289,45874,586322,0,0,12677,116307,185261,51302,308,28428,48881,13946,0,664600,0,5269,0,30511,1343,0,34773,202784,4930039,255809,0,1078,75272,0,0,0,8834,6200,1861,0,4,1257,4839,0,19292,0,0,0,66,262,0,0,11001,385776,3054976,102289,46951,661595,0,0,12677,125141,191461,53163,308,28432,50139,18785,0,683893,0,5269,0,30577,1605,0,34773,213785,5315815,422074,21475,0,3086921,0,53663,680223,0,0,4264356,9580172,45377,38190,0,0,0,0,26485,1058,0,0,0,0,0,0,0,2527404,98469,40663,72791,0,0,11552,99547,198009,13320,355,38401,49162,11200,0,542902,0,26387,61792,27518,2871,0,29033,420580,4271956,199612,7,1495,202,0,0,340,6012,6045,6697,0,4,270,3426,0,47692,0,0,0,25,0,0,757,3118,275700,2727016,98475,42159,72993,0,0,11892,105559,204054,20017,355,38405,49432,14626,0,590595,0,26387,61792,27542,2871,0,29790,423698,4547657,439850,24971,0,2663063,19160,80886,455777,0,0,3683707,8231363,53368,39462,1250,0,0,0,37808,0,0,0,0,0,0,0,0,2112524,69028,27204,137100,2,0,10133,101534,185580,78906,96,17822,36047,6976,0,397399,0,13115,40297,37808,3958,0,27878,70136,3373544,69752,0,2031,2831,0,0,140,3774,5893,1,0,4,219,2833,0,18115,0,1968,0,0,0,0,964,816,109339,2182275,69028,29234,139930,2,0,10274,105308,191473,78907,96,17826,36266,9809,0,415515,0,15083,40297,37808,3958,0,28842,70953,3482883,1610,24971,0,2387723,19082,89292,668921,0,0,3191598,6674481,19643,31851,31,0,0,0,0,0,0,2421,488,0,0,0,0,2089701,75291,26964,111197,2,0,8824,103733,166350,30286,8,10696,30208,6181,0,299211,0,6994,2016,0,0,0,26550,52990,3047200,74463,0,1959,8540,0,0,0,3543,3983,798,0,4,216,1390,0,13355,0,0,0,0,0,0,3418,406,112075,2164165,75291,28923,119736,2,0,8824,107276,170333,31083,8,10700,30423,7571,0,312566,0,6994,2016,0,0,0,29968,53396,3159276,1610,24970,0,2365872,19025,99282,701388,0,0,3212147,6371422
070964,00000,Anthem Health Companies (G),54880,49188,0,450000,434,434,0,6620,0,0,403746,0,0,0,0,6401279,341006,147856,1367826,7741,0,8861,973070,1362621,76574,0,633,98835,347063,450434,1545643,4842,28672,746516,6620,222,0,1228652,2915056,18060023,561550,11154,35695,138967,0,0,4415,103472,64082,46086,0,17545,47242,54730,90112,288430,122,0,133904,0,0,0,197812,201120,1996438,6962829,352160,183552,1506794,7741,0,13276,1076541,1426704,122660,0,18178,146077,401793,540547,1834073,4964,28672,880420,6620,222,0,1426463,3116176,20056462,920542,451890,0,3142244,56155,125043,6382568,0,0,11078441,31134903,65957,60901,0,300000,22,22,0,4888,0,0,482201,0,0,0,0,5816440,252118,139353,1454234,7333,0,8933,945504,1452278,125615,0,981,103548,412404,350026,2017068,3683,38825,809300,4888,1337,0,875923,2583039,17402831,610978,5996,26450,125117,0,0,2642,75345,65079,40636,0,3219,40481,39987,50004,259886,0,5860,131980,0,0,0,148004,305876,1937541,6427418,258114,165803,1579351,7333,0,11575,1020848,1517357,166250,0,4200,144030,452392,400030,2276955,3683,44685,941281,4888,1337,0,1023927,2888916,19340372,949141,463441,0,3176803,45655,170461,6340879,0,0,11146380,30486752,12519,26209,0,400000,19,19,64,5725,0,0,236061,0,0,0,0,5219510,138512,128081,1574007,7627,0,40938,556595,1191347,51901,25,7420,333985,225046,400019,1462686,0,39254,533872,5788,30,0,674127,1763623,14354395,614822,3465,23502,116735,0,0,22298,65798,41100,78941,0,3858,41220,42177,0,221146,0,9058,109171,0,0,0,110694,325720,1829705,5834332,141977,151582,1690742,7627,0,63236,622393,1232447,130842,25,11278,375205,267223,400019,1683833,0,48312,643043,5788,30,0,784821,2089344,16184100,0,469716,0,2882266,45655,150271,7515781,0,0,11063689,27247789,31845,57398,0,250000,40,40,1793,25919,0,0,249126,0,0,0,0,5213668,142864,119502,1690043,6878,0,30953,587808,908246,61855,1,18843,385595,261513,250040,1160312,5737,48529,345137,27711,0,0,717318,1545152,13527703,672819,216,21433,101881,0,0,15550,77407,53015,14314,0,822,36394,31837,0,106656,15,0,35912,0,0,0,95773,378560,1642603,5886487,143080,140934,1791924,6878,0,46503,665215,961261,76169,1,19665,421990,293349,250040,1266968,5752,48529,381048,27711,0,0,813091,1923713,15170306,0,469916,0,2761389,44655,116210,7494816,0,0,10886986,26057292
070971,00000,Arkansas BC/BS Group (G),19504,4984,0,0,0,0,0,0,0,0,0,0,0,0,0,235202,1654,7183,138044,0,0,0,35755,251468,2478,1238,3970,44080,371,0,6958,0,19999,0,0,0,0,48318,21723,818441,650,0,0,0,0,0,0,0,0,0,0,0,0,0,0,0,0,0,0,0,0,0,0,0,650,235852,1654,7183,138044,0,0,0,35755,251468,2478,1238,3970,44080,371,0,6958,0,19999,0,0,0,0,48318,21723,819091,36650,5,0,960,0,0,808553,0,0,846168,1665259,10206,3125,0,0,0,0,0,0,0,0,0,0,0,0,0,224724,615,7254,136534,0,0,0,21268,277327,0,1703,8039,43768,7532,0,8596,0,27865,0,0,0,0,43457,19018,827700,408,0,0,0,0,0,0,0,0,0,0,0,0,0,0,0,0,0,0,0,0,0,0,0,408,225132,615,7254,136534,0,0,0,21268,277327,0,1703,8039,43768,7532,0,8596,0,27865,0,0,0,0,43457,19018,828107,33750,5,0,960,0,0,845038,0,0,879753,1707860,10269,0,0,0,0,0,0,0,0,0,0,0,0,0,0,140982,0,4213,135289,0,0,0,22161,224115,0,9675,4071,45113,174,0,8940,0,64972,0,0,0,0,46188,21189,727082,561,0,0,0,0,0,0,0,0,0,0,0,0,0,0,0,0,0,0,0,0,0,0,0,561,141544,0,4213,135289,0,0,0,22161,224115,0,9675,4071,45113,174,0,8940,0,64972,0,0,0,0,46188,21189,727644,0,5,0,960,0,0,824654,0,0,825618,1553262,9424,0,0,0,0,0,0,0,0,0,0,0,0,0,0,133685,0,5363,129697,0,0,0,14538,230481,0,7827,3381,36526,205,0,9542,0,0,0,0,0,0,51043,20516,642805,396,0,0,0,0,0,0,0,0,0,0,0,0,0,0,0,0,0,0,0,0,0,0,0,396,134081,0,5363,129697,0,0,0,14538,230481,0,7827,3381,36526,205,0,9542,0,0,0,0,0,0,51043,20516,643201,0,5,0,960,0,0,732422,0,0,733386,1376587
070909,00000,Blue Cross & Blue Shield of Florida Grp (G),27859,34087,-832,335000,0,0,0,0,0,0,180276,0,0,0,0,820631,18077,14451,1263184,0,0,0,184163,497686,3402,0,19706,21191,176485,335000,31947,0,28374,237014,0,32641,0,253912,261517,4199380,80829,0,0,0,0,0,0,0,0,0,0,0,0,0,0,0,0,0,0,0,0,0,0,0,80829,901460,18077,14451,1263184,0,0,0,184163,497686,3402,0,19706,21191,176485,335000,31947,0,28374,237014,0,32641,0,253912,261517,4280208,195328,101,0,274229,0,0,2144284,0,0,2613941,6894149,1821,22089,17747,162800,404,404,0,0,0,0,38417,0,0,0,0,793849,7898,16984,1297565,0,0,0,179176,593671,3552,0,30725,22386,136728,163204,41085,0,27902,275655,0,29214,0,227329,88037,3934961,50971,0,0,0,0,0,0,0,0,0,0,0,0,0,0,0,0,0,0,0,0,0,0,0,50971,844821,7898,16984,1297565,0,0,0,179176,593671,3552,0,30725,22386,136728,163204,41085,0,27902,275655,0,29214,0,227329,88037,3985932,191831,101,0,195261,2050,0,1736316,0,0,2125558,6111490,3561,19773,12123,150000,259,259,0,0,0,0,34120,0,0,0,0,690137,6131,24071,1362216,0,11740,0,160303,472152,4637,0,0,21550,26579,150259,20480,1034,57473,197528,0,25524,0,89563,85679,3407057,20228,0,0,0,0,0,0,0,0,0,0,0,0,0,0,0,0,0,0,0,0,0,0,0,20228,710365,6131,24071,1362216,0,11740,0,160303,472152,4637,0,0,21550,26579,150259,20480,1034,57473,197528,0,25524,0,89563,85679,3427285,0,0,0,5745,0,0,3450117,0,0,3455862,6883148,8386,1000,10805,0,137,0,0,0,0,0,42085,0,0,0,0,667339,0,22389,1191327,0,7544,0,157360,473127,4407,0,0,19316,21208,150137,17130,0,43640,24738,0,22112,0,73751,75866,2971390,27009,0,0,0,0,0,0,0,0,0,0,0,0,0,0,0,0,0,0,0,0,0,0,0,27009,694348,0,22389,1191327,0,7544,0,157360,473127,4407,0,0,19316,21208,150137,17130,0,43640,24738,0,22112,0,73751,75866,2998399,0,0,0,0,0,0,3132123,0,0,3132123,6130522
070914,00000,Blue Cross & Blue Shield of NC Group (G),26114,0,0,236006,0,0,0,0,0,0,0,0,0,0,0,663713,0,16784,273058,0,0,0,108626,443988,0,0,0,317,4960,236006,56581,0,478,0,0,0,0,115013,95038,2014562,20527,0,519,0,0,0,0,0,0,0,0,0,0,0,0,0,0,0,0,0,0,0,0,0,21046,684240,0,17303,273058,0,0,0,108626,443988,0,0,0,317,4960,236006,56581,0,478,0,0,0,0,115013,95038,2035609,138472,0,0,0,0,863861,1064716,0,0,2067050,4102659,1972,0,0,194847,0,0,0,0,0,0,0,0,0,0,0,719417,0,17563,288137,0,0,0,139319,400821,0,0,0,54,4800,194847,2351,0,475,0,0,0,0,42639,89955,1900377,7267,0,177,0,0,0,0,0,0,0,0,0,0,0,0,0,0,0,0,0,0,0,0,0,7444,726683,0,17740,288137,0,0,0,139319,400821,0,0,0,54,4800,194847,2351,0,475,0,0,0,0,42639,89955,1907821,135202,0,0,0,0,789098,1374015,0,0,2298315,4206136,1653,0,0,0,0,0,0,0,0,0,0,0,0,0,0,464309,520,11098,376158,0,0,0,149525,251434,0,0,0,247,6471,0,2717,0,457,0,0,0,0,58179,72340,1393453,4690,0,112,0,0,0,0,0,0,0,0,0,0,0,0,0,0,0,0,0,0,0,0,0,4802,468999,520,11210,376158,0,0,0,149525,251434,0,0,0,247,6471,0,2717,0,457,0,0,0,0,58179,72340,1398255,0,0,0,0,0,716072,1672461,0,0,2388533,3786788,1534,0,0,0,0,0,0,0,0,0,0,0,0,0,0,432008,0,8357,394300,0,0,0,141008,229004,7535,0,0,307,2815,0,3002,0,27154,0,0,0,0,100394,67216,1413100,4364,0,84,0,0,0,0,0,0,0,0,0,0,0,0,0,0,0,0,0,0,0,0,0,4448,436372,0,8442,394300,0,0,0,141008,229004,7535,0,0,307,2815,0,3002,0,27154,0,0,0,0,100394,67216,1417548,0,0,0,0,0,658380,1422624,0,0,2081004,3498552
070894,00000,Blue Cross & Blue Shield of SC Group (G),27704,12685,82,0,0,0,0,0,0,0,31625,0,0,0,0,275457,0,12378,86174,0,0,314,50938,211960,14210,601,15839,246316,10942,0,13620,0,0,0,0,0,0,34845,161015,1134607,0,0,0,0,0,0,0,0,0,0,0,0,0,0,0,0,0,0,0,0,0,0,0,0,0,275457,0,12378,86174,0,0,314,50938,211960,14210,601,15839,246316,10942,0,13620,0,0,0,0,0,0,34845,161015,1134607,41244,0,0,27,0,0,2211465,0,0,2252736,3387344,22908,15583,839,0,0,0,0,0,0,0,84397,0,0,0,0,277975,0,17288,84985,0,0,373,36347,173568,29604,3405,18516,248555,7152,0,5046,0,0,0,0,0,0,22110,208453,1133376,0,0,0,0,0,0,0,0,0,0,0,0,0,0,0,0,0,0,0,0,0,0,0,0,0,277975,0,17288,84985,0,0,373,36347,173568,29604,3405,18516,248555,7152,0,5046,0,0,0,0,0,0,22110,208453,1133376,38498,0,0,27,0,0,2127796,0,0,2166321,3299697,15954,8299,426,0,0,0,0,0,0,0,31585,0,0,0,0,255894,0,18694,16872,0,0,311,35791,144191,21288,3710,14998,253629,5005,0,4946,0,18285,0,0,0,0,11951,109501,915066,0,0,0,0,0,0,0,0,0,0,0,0,0,0,0,0,0,0,0,0,0,0,0,0,0,255894,0,18694,16872,0,0,311,35791,144191,21288,3710,14998,253629,5005,0,4946,0,18285,0,0,0,0,11951,109501,915066,0,0,0,27,0,0,2153259,0,0,2153286,3068352,19297,12598,180,0,0,0,0,0,0,0,36226,0,0,0,0,270599,0,21408,43854,0,0,280,25968,151567,22414,561,12765,212461,6890,0,8775,0,0,0,0,0,0,10992,95427,883961,0,0,0,0,0,0,0,0,0,0,0,0,0,0,0,0,0,0,0,0,0,0,0,0,0,270599,0,21408,43854,0,0,280,25968,151567,22414,561,12765,212461,6890,0,8775,0,0,0,0,0,0,10992,95427,883961,0,0,0,27,0,0,1961609,0,0,1961636,2845597
070915,00000,Blue Cross & Blue Shield of TN Group (G),15250,0,0,0,893,893,8,0,0,0,0,0,0,0,0,556446,1807,18485,6048,0,0,5066,230077,169115,0,0,0,559,8282,893,34160,0,6755,0,8,0,0,127717,109839,1275258,0,0,0,0,0,0,0,0,0,0,0,0,0,0,0,0,0,0,0,0,0,0,0,0,0,556446,1807,18485,6048,0,0,5066,230077,169115,0,0,0,559,8282,893,34160,0,6755,0,8,0,0,127717,109839,1275258,81958,0,0,0,0,1398640,197995,0,0,1678593,2953850,14017,0,0,0,906,906,313,0,0,0,0,0,0,0,0,482074,3314,16009,10795,0,0,3351,200048,171807,25,0,2421,577,17025,906,31554,0,15340,0,313,0,0,61944,101271,1118776,0,0,0,0,0,0,0,0,0,0,0,0,0,0,0,0,0,0,0,0,0,0,0,0,0,482074,3314,16009,10795,0,0,3351,200048,171807,25,0,2421,577,17025,906,31554,0,15340,0,313,0,0,61944,101271,1118776,82002,0,0,0,0,1285415,366114,0,0,1733531,2852307,1788,2590,0,0,907,907,600,0,0,0,0,0,0,0,0,415544,1115,16764,23340,0,0,3908,43725,155334,25,0,3110,530,22950,907,20605,0,9322,0,600,0,0,36306,53496,807581,0,0,0,0,0,0,0,0,0,0,0,0,0,0,0,0,0,0,0,0,0,0,0,0,0,415544,1115,16764,23340,0,0,3908,43725,155334,25,0,3110,530,22950,907,20605,0,9322,0,600,0,0,36306,53496,807581,0,0,0,0,0,1179823,496788,0,0,1676611,2484192,2510,3449,0,0,949,949,750,0,0,0,0,0,0,0,0,409357,1002,17410,23287,0,0,1941,43612,150778,2198,0,3517,510,21985,949,24600,0,13018,0,750,0,0,39039,64370,818326,0,0,0,0,0,0,0,0,0,0,0,0,0,0,0,0,0,0,0,0,0,0,0,0,0,409357,1002,17410,23287,0,0,1941,43612,150778,2198,0,3517,510,21985,949,24600,0,13018,0,750,0,0,39039,64370,818326,0,0,0,0,0,1088408,426521,0,0,1514929,2333255
060080,55433,Blue Cross and Blue Shield of Alabama,11317,0,0,0,0,0,0,0,0,0,0,0,0,0,0,375876,0,11180,426875,0,0,0,91315,538549,928,0,1173,50847,0,0,96,0,0,0,0,0,0,143975,57662,1698476,0,0,0,0,0,0,0,0,0,0,0,0,0,0,0,0,0,0,0,0,0,0,0,0,0,375876,0,11180,426875,0,0,0,91315,538549,928,0,1173,50847,0,0,96,0,0,0,0,0,0,143975,57662,1698476,82308,0,0,0,0,0,1059869,0,0,1142177,2840653,8797,0,0,0,0,0,0,0,0,0,0,0,0,0,0,301830,0,10460,471287,0,0,0,90430,493918,927,0,1243,55963,0,0,0,0,0,0,0,0,0,114351,247491,1787900,0,0,0,0,0,0,0,0,0,0,0,0,0,0,0,0,0,0,0,0,0,0,0,0,0,301830,0,10460,471287,0,0,0,90430,493918,927,0,1243,55963,0,0,0,0,0,0,0,0,0,114351,247491,1787900,80314,0,0,0,0,0,997070,0,0,1077384,2865284,623,0,0,0,0,0,0,0,0,0,0,0,0,0,0,298759,0,9074,491867,0,0,0,71313,452811,1126,0,572,52358,0,0,21,0,0,0,0,0,0,118108,99573,1595582,0,0,0,0,0,0,0,0,0,0,0,0,0,0,0,0,0,0,0,0,0,0,0,0,0,298759,0,9074,491867,0,0,0,71313,452811,1126,0,572,52358,0,0,21,0,0,0,0,0,0,118108,99573,1595582,0,0,0,0,0,0,1243930,0,0,1243930,2839512,625,0,217,0,0,0,0,0,0,0,0,0,0,0,0,322012,0,9366,474774,0,0,0,56115,478991,247,0,0,49479,0,0,4339,0,0,0,0,0,0,107021,9232,1511576,0,0,0,0,0,0,0,0,0,0,0,0,0,0,0,0,0,0,0,0,0,0,0,0,0,322012,0,9366,474774,0,0,0,56115,478991,247,0,0,49479,0,0,4339,0,0,0,0,0,0,107021,9232,1511576,0,0,0,0,0,0,1118865,0,0,1118865,2630441
020455,00000,Blue Cross and Blue Shield of MA Group (G),9670,0,0,95000,322,322,0,0,0,0,170094,0,0,0,0,663993,77927,9773,83016,0,0,0,184894,262958,1,0,12347,310,0,380322,19696,0,31279,0,0,0,0,308693,170094,2205305,0,0,0,0,0,0,0,0,0,0,0,0,0,0,0,0,0,0,0,0,0,0,0,0,0,663993,77927,9773,83016,0,0,0,184894,262958,1,0,12347,310,0,380322,19696,0,31279,0,0,0,0,308693,170094,2205305,79888,0,0,0,0,0,1628361,0,0,1708249,3913555,12214,0,0,280000,32,32,0,0,0,0,64100,0,0,0,0,624517,67667,9196,87726,0,0,0,163470,369901,1,0,12996,18,0,395032,3269,0,19691,0,0,0,0,309678,64100,2127262,0,0,0,0,0,0,0,0,0,0,0,0,0,0,0,0,0,0,0,0,0,0,0,0,0,624517,67667,9196,87726,0,0,0,163470,369901,1,0,12996,18,0,395032,3269,0,19691,0,0,0,0,309678,64100,2127262,79559,0,0,0,0,0,1715860,0,0,1795419,3922682,8798,0,0,90000,4,4,0,0,0,0,54805,0,0,0,0,641459,108421,8406,108771,0,0,0,177494,335752,1698,0,11210,271,0,90004,15826,0,23209,0,0,0,0,394713,62435,1979668,0,0,0,0,0,0,0,0,0,0,0,0,0,0,0,0,0,0,0,0,0,0,0,0,0,641459,108421,8406,108771,0,0,0,177494,335752,1698,0,11210,271,0,90004,15826,0,23209,0,0,0,0,394713,62435,1979668,57469,0,0,0,0,0,1914434,0,0,1971903,3951571,7445,0,0,0,1,1,0,0,0,0,59941,0,0,0,0,585607,115441,8178,149985,0,0,0,167917,366891,1,0,9265,123,0,1,29103,0,41004,0,0,0,0,447693,59941,1981150,0,0,0,0,0,0,0,0,0,0,0,0,0,0,0,0,0,0,0,0,0,0,0,0,0,585607,115441,8178,149985,0,0,0,167917,366891,1,0,9265,123,0,1,29103,0,41004,0,0,0,0,447693,59941,1981150,0,0,0,0,0,0,1817947,0,0,1817947,3799097
064465,53589,Blue Cross Blue Shield of Arizona Inc,5586,0,3755,0,0,0,0,0,0,0,6778,0,0,0,0,154938,2509,8433,142550,0,0,0,24398,75022,11686,0,0,838,16470,0,11,0,21405,0,0,0,0,10841,145081,614181,8706,0,0,0,0,0,0,0,0,0,0,0,0,0,0,0,0,0,0,0,0,0,0,0,8706,163644,2509,8433,142550,0,0,0,24398,75022,11686,0,0,838,16470,0,11,0,21405,0,0,0,0,10841,145081,622887,29568,0,0,0,0,3500,971135,0,0,1004203,1627090,3811,1527,4541,40000,0,0,0,0,0,0,9832,0,0,0,0,129527,407,6952,134748,0,0,0,29122,72413,25287,7100,0,518,21880,40000,11,0,4053,0,0,0,0,10531,138558,621107,5954,0,0,0,0,0,0,0,0,0,0,0,0,0,0,0,0,0,0,0,0,0,0,0,5954,135481,407,6952,134748,0,0,0,29122,72413,25287,7100,0,518,21880,40000,11,0,4053,0,0,0,0,10531,138558,627061,28499,0,0,0,0,3500,998079,0,0,1030078,1657139,0,2584,5377,0,0,0,0,0,0,0,4484,0,0,0,0,98878,379,5152,128966,0,0,0,23896,68058,51729,28627,0,240,12524,0,13,0,15447,0,0,0,0,9383,95036,538327,4327,0,0,0,0,0,0,0,0,0,0,0,0,0,0,0,0,0,0,0,0,0,0,0,4327,103205,379,5152,128966,0,0,0,23896,68058,51729,28627,0,240,12524,0,13,0,15447,0,0,0,0,9383,95036,542654,0,0,0,0,0,3500,1032794,0,0,1036294,1578948,0,2300,3440,0,0,0,0,0,0,0,940,0,0,0,0,101810,72,5261,138742,0,0,0,25855,114874,46412,0,0,55,11454,0,16,0,306,0,0,0,0,11128,88726,544711,3534,0,0,0,0,0,0,0,0,0,0,0,0,0,0,0,0,0,0,0,0,0,0,0,3534,105344,72,5261,138742,0,0,0,25855,114874,46412,0,0,55,11454,0,16,0,306,0,0,0,0,11128,88726,548246,0,0,0,0,0,3500,904974,0,0,908474,1456720
020262,00000,Blue Cross Blue Shield of Michigan Group (G),34711,21074,0,96000,459,459,0,0,0,0,0,0,0,0,0,917850,96466,81383,137147,0,0,0,296184,620397,0,0,17471,26199,13755,1171459,120685,0,394,15314,0,0,0,422532,1188490,5125727,12136,0,0,0,0,0,0,0,0,0,0,0,0,0,0,0,0,0,0,0,0,0,0,0,12136,929986,96466,81383,137147,0,0,0,296184,620397,0,0,17471,26199,13755,1171459,120685,0,394,15314,0,0,0,422532,1188490,5137863,125775,0,0,0,0,0,3045938,0,0,3171712,8309575,40588,9377,0,150000,1013,1013,0,0,0,0,0,0,0,0,0,834636,112380,96513,201393,0,0,0,247997,481132,18072,0,21711,24718,11947,1247013,106816,0,6789,14706,0,0,0,374783,1280619,5081224,10738,0,0,0,0,0,0,0,0,0,0,0,0,0,0,0,0,0,0,0,0,0,0,0,10738,845373,112380,96513,201393,0,0,0,247997,481132,18072,0,21711,24718,11947,1247013,106816,0,6789,14706,0,0,0,374783,1280619,5091962,119887,0,0,0,0,0,3220239,0,0,3340126,8432088,21447,2,9825,205483,876,876,0,0,0,0,2,0,0,0,0,825824,93432,87458,637121,0,0,0,38643,397180,0,0,3375,29826,14508,1252359,158850,0,1228,12673,0,0,0,465598,992529,5010605,9743,0,0,0,0,0,0,0,0,0,0,0,0,0,0,0,0,0,0,0,0,0,0,0,9743,835567,93432,87458,637121,0,0,0,38643,397180,0,0,3375,29826,14508,1252359,158850,0,1228,12673,0,0,0,465598,992529,5020348,0,0,0,0,0,0,3288724,0,0,3288724,8309072,19380,6165,0,50000,870,42,0,0,0,0,0,0,0,0,0,846170,97626,94823,774375,0,0,0,52637,305072,14849,0,4689,37791,9732,1186999,165279,0,2300,17621,0,0,0,404934,1060072,5074969,9264,0,0,0,0,0,0,0,0,0,0,0,0,0,0,0,0,0,0,0,0,0,0,0,9264,855435,97626,94823,774375,0,0,0,52637,305072,14849,0,4689,37791,9732,1186999,165279,0,2300,17621,0,0,0,404934,1060072,5084234,0,0,0,0,0,0,3060597,0,0,3060597,8144831
070913,00000,Blue Cross Blue Shield of Minnesota Grp (G),19938,0,0,0,1579,1579,0,0,0,0,5901,0,0,0,0,633618,28360,100198,56481,0,0,0,232482,139261,0,0,1546,5671,18321,251579,120709,0,11456,0,0,0,0,225975,648059,2473717,722,0,0,0,0,0,0,0,0,0,0,0,0,0,0,0,0,0,0,0,0,0,0,0,722,634340,28360,100198,56481,0,0,0,232482,139261,0,0,1546,5671,18321,251579,120709,0,11456,0,0,0,0,225975,648059,2474439,101400,2000,0,35186,0,0,989839,0,0,1128425,3602864,11456,5818,0,33000,0,0,0,0,0,0,2817,0,0,0,0,478186,23728,87931,75861,0,0,0,165039,126955,0,0,995,5692,13555,33000,78668,0,12017,0,0,0,0,221273,570963,1893863,557,0,0,0,0,0,0,0,0,0,0,0,0,0,0,0,0,0,0,0,0,0,0,0,557,478743,23728,87931,75861,0,0,0,165039,126955,0,0,995,5692,13555,33000,78668,0,12017,0,0,0,0,221273,570963,1894421,105786,2000,0,35186,0,0,1141466,0,0,1284437,3178858,3216,0,0,1758,182,182,0,0,0,0,2002,0,0,0,0,483942,30689,88784,93130,0,0,0,115361,154493,0,0,0,5817,12973,2880,47695,0,24085,0,0,0,0,254131,477935,1791915,142,0,0,0,0,0,0,0,0,0,0,0,0,0,0,0,0,0,0,0,0,0,0,0,142,484084,30689,88784,93130,0,0,0,115361,154493,0,0,0,5817,12973,2880,47695,0,24085,0,0,0,0,254131,477935,1792057,56396,2000,0,25186,0,0,1188956,0,0,1272538,3064595,3067,0,0,766,234,234,0,0,0,0,387838,0,0,0,0,576693,68920,78502,217766,0,0,0,130658,128756,0,0,0,5585,12001,3698,23488,2708,13757,0,0,0,0,183839,444703,1891073,203,0,0,0,0,0,0,0,0,0,0,0,0,0,0,0,0,0,0,0,0,0,0,0,203,576896,68920,78502,217766,0,0,0,130658,128756,0,0,0,5585,12001,3698,23488,2708,13757,0,0,0,0,183839,444703,1891275,60707,2000,0,25186,0,0,1113583,0,0,1201475,3092750
061788,00000,California Physicians' Service Group (G),0,0,0,0,0,0,0,0,0,0,0,0,0,0,0,1415023,18899,0,0,0,0,0,274458,111099,0,0,0,107007,0,0,21267,0,0,0,0,0,0,0,1818249,3766003,76635,0,0,0,0,0,0,0,0,0,0,0,0,0,0,0,0,0,0,0,0,0,0,0,76635,1491658,18899,0,0,0,0,0,274458,111099,0,0,0,107007,0,0,21267,0,0,0,0,0,0,0,1818249,3842638,0,0,0,0,0,33885,4136480,0,0,4170365,8013003,0,0,0,0,0,0,0,0,0,0,0,0,0,0,0,1201394,25187,0,0,0,0,0,123601,781176,0,0,0,144603,0,0,0,0,0,0,0,0,0,0,791313,3067274,98316,0,0,0,0,0,0,0,0,0,0,0,0,0,0,0,0,0,0,0,0,0,0,0,98316,1299710,25187,0,0,0,0,0,123601,781176,0,0,0,144603,0,0,0,0,0,0,0,0,0,0,791313,3165590,0,6,55,40081,0,116491,4179029,0,0,4335662,7501252,0,0,0,0,0,0,0,0,0,0,0,0,0,0,0,745356,4796,0,0,0,0,0,113055,557236,0,0,0,105140,0,6900,84,0,0,0,0,0,0,0,513219,2045786,40329,0,0,0,0,0,0,0,0,0,0,0,0,0,0,0,0,0,0,0,0,0,0,0,40329,785685,4796,0,0,0,0,0,113055,557236,0,0,0,105140,0,6900,84,0,0,0,0,0,0,0,513219,2086115,0,2006,55,37008,0,253252,4000885,0,0,4293206,6379321,0,0,0,0,0,0,0,0,0,0,0,0,0,0,0,653149,2430,0,0,0,0,0,107480,548195,0,0,0,97434,0,9208,196,0,0,0,0,0,0,0,517123,1935216,42131,0,0,0,0,0,0,0,0,0,0,0,0,0,0,0,0,0,0,0,0,0,0,0,42131,695280,2430,0,0,0,0,0,107480,548195,0,0,0,97434,0,9208,196,0,0,0,0,0,0,0,517123,1977347,0,2006,55,37008,0,138628,3816269,0,0,3993967,5971314
020393,00000,Capital Blue Cross Companies (G),0,0,0,0,0,0,0,0,0,0,0,0,0,0,0,189313,74,5479,28494,0,0,0,61247,77432,143,0,0,2030,0,0,244744,0,0,0,0,0,0,14682,148267,771904,0,0,0,0,0,0,0,0,0,0,0,0,0,0,0,0,0,0,0,0,0,0,0,0,0,189313,74,5479,28494,0,0,0,61247,77432,143,0,0,2030,0,0,244744,0,0,0,0,0,0,14682,148267,771904,5129,29,0,128,250,0,759421,0,0,764957,1536861,0,3922,0,0,0,0,0,0,0,0,0,0,0,0,0,171549,88,4929,11544,0,0,0,44824,82881,4404,0,0,783,0,0,223491,0,0,0,0,0,0,7174,159020,710687,0,0,0,0,0,0,0,0,0,0,0,0,0,0,0,0,0,0,0,0,0,0,0,0,0,171549,88,4929,11544,0,0,0,44824,82881,4404,0,0,783,0,0,223491,0,0,0,0,0,0,7174,159020,710687,5480,42,0,1087,800,0,830804,0,0,838212,1548899,0,0,0,0,0,0,0,0,0,0,0,0,0,0,0,203132,104,5037,3547,0,0,0,40610,57913,1423,0,0,589,0,0,203469,0,0,0,0,0,0,6787,114418,637029,0,0,0,0,0,0,0,0,0,0,0,0,0,0,0,0,0,0,0,0,0,0,0,0,0,203132,104,5037,3547,0,0,0,40610,57913,1423,0,0,589,0,0,203469,0,0,0,0,0,0,6787,114418,637029,0,56,0,1147,800,0,868322,0,0,870325,1507354,0,0,0,0,0,0,0,0,0,0,0,0,0,0,0,193883,129,4782,16046,0,0,0,46852,68104,230,0,0,846,0,0,103229,0,0,0,0,0,0,10223,91483,535807,473,0,24,222,0,0,0,809,162,291,0,0,0,0,0,15,0,0,0,0,0,0,0,0,1995,194355,129,4806,16268,0,0,0,47661,68266,521,0,0,846,0,0,103244,0,0,0,0,0,0,10223,91483,537801,0,60,0,1167,800,0,833269,0,0,835296,1373097
070916,00000,CareFirst Inc Group (G),26766,14980,991,0,0,0,0,0,0,0,18630,0,0,0,0,575365,0,22453,969535,0,0,0,161893,254819,2938,15710,1278,187990,14443,0,93820,0,0,0,0,0,0,147218,166751,2614212,15260,0,597,0,0,0,0,0,0,0,0,0,0,0,0,0,0,0,0,0,0,0,0,0,15857,590625,0,23050,969535,0,0,0,161893,254819,2938,15710,1278,187990,14443,0,93820,0,0,0,0,0,0,147218,166751,2630069,100000,0,0,0,0,0,1413668,0,0,1513668,4143737,22639,660,0,0,0,0,0,0,0,0,56671,0,0,0,0,595425,0,22852,873358,0,0,0,143904,280293,0,40753,24532,109202,34398,0,51062,0,0,0,0,0,0,123183,190376,2489337,17709,0,686,0,0,0,0,530,29,5,0,0,1,1,0,2313,0,0,0,0,0,0,0,22,21295,613133,0,23538,873358,0,0,0,144434,280322,5,40753,24532,109203,34399,0,53375,0,0,0,0,0,0,123183,190398,2510632,105000,0,0,0,0,0,1367052,0,0,1472052,3982684,15968,440,0,0,0,0,0,0,0,0,78520,0,0,0,0,507493,0,20718,936033,0,0,0,120948,224697,2,47985,30159,101767,39125,0,72388,0,0,0,0,0,0,110767,203657,2415739,17298,0,700,0,0,0,0,505,30,0,0,635,4,4,0,94,0,0,0,0,0,0,0,29,19300,524791,0,21418,936033,0,0,0,121453,224728,2,47985,30794,101771,39129,0,72482,0,0,0,0,0,0,110767,203687,2435039,0,0,0,0,0,0,1491248,0,0,1491248,3926287,24392,2730,0,0,0,0,0,0,0,0,29330,0,0,0,0,545806,0,21327,990513,0,0,0,131516,214145,0,30299,29362,108596,16109,0,60270,0,0,0,0,0,0,104032,188403,2440380,14565,0,584,0,0,0,0,0,0,0,0,0,0,0,0,0,0,0,0,0,0,0,0,0,15149,560372,0,21911,990513,0,0,0,131516,214145,0,30299,29362,108596,16109,0,60270,0,0,0,0,0,0,104032,188403,2455529,0,0,0,0,0,0,1469481,0,0,1469481,3925010
070853,00000,CareSource Group (G),25723,0,0,0,0,0,0,0,0,0,0,0,0,0,0,599376,639,13491,41132,0,0,0,53029,142946,1124,0,12,0,0,0,28303,0,0,0,0,0,0,1075,0,881126,0,0,0,0,0,0,0,0,0,0,0,0,0,0,0,0,0,0,0,0,0,0,0,0,0,599376,639,13491,41132,0,0,0,53029,142946,1124,0,12,0,0,0,28303,0,0,0,0,0,0,1075,0,881126,640,0,0,72175,0,0,878982,0,0,951797,1832923,10748,0,0,0,0,0,0,0,0,0,0,0,0,0,0,795029,616,14835,2800,0,0,0,23289,111721,0,0,3,0,0,0,28716,0,536,0,0,0,0,712,0,978256,0,0,0,0,0,0,0,0,0,0,0,0,0,0,0,0,0,0,0,0,0,0,0,0,0,795029,616,14835,2800,0,0,0,23289,111721,0,0,3,0,0,0,28716,0,536,0,0,0,0,712,0,978256,0,0,0,45825,0,0,703616,0,0,749441,1727697,10157,0,0,0,0,0,0,0,0,0,0,0,0,0,0,404524,572,7090,0,0,0,0,4543,85671,0,0,0,0,0,0,21106,0,0,0,0,0,0,772,0,524279,0,0,0,0,0,0,0,0,0,0,0,0,0,0,0,0,0,0,0,0,0,0,0,0,0,404524,572,7090,0,0,0,0,4543,85671,0,0,0,0,0,0,21106,0,0,0,0,0,0,772,0,524279,0,0,0,40825,0,0,565596,0,0,606421,1130700,7212,0,0,0,0,0,0,0,0,0,0,0,0,0,0,303313,1529,6895,0,0,0,0,1974,74639,0,0,0,0,0,0,10118,0,2384,0,0,0,0,0,0,400853,0,0,0,0,0,0,0,0,7,0,0,0,0,0,0,1,0,0,0,0,0,0,0,0,8,303313,1529,6895,0,0,0,0,1974,74646,0,0,0,0,0,0,10120,0,2384,0,0,0,0,0,0,400861,0,0,0,46239,0,0,490752,0,0,536992,937852
070918,00000,Centene Corporation Companies (G),44639,13080,0,0,0,0,1493,0,0,0,52632,0,0,0,0,3290805,159337,32313,258318,4097,0,0,247745,186011,44407,0,26222,161879,902,0,143250,0,325,0,1493,0,0,24946,1988834,6570883,56808,0,507,0,0,0,0,0,20766,12099,0,0,0,0,0,3391,0,0,0,0,0,0,0,7876,101447,3347613,159337,32820,258318,4097,0,0,247745,206777,56506,0,26222,161879,902,0,146640,0,325,0,1493,0,0,24946,1996709,6672329,284549,16856,0,4169567,0,346,-580555,402,0,3890361,10562690,19158,5148,-14,0,0,0,0,0,0,0,33530,0,0,0,0,2866395,158783,24783,449593,4345,0,0,243054,155725,44516,0,9174,441174,608,0,183704,0,0,0,0,0,0,24610,882492,5488956,44597,0,573,0,0,0,0,0,3899,17,0,0,0,0,0,854,0,0,0,0,0,0,0,11564,61506,2910993,158783,25357,449593,4345,0,0,243054,159624,44533,0,9174,441174,608,0,184558,0,0,0,0,0,0,24610,894056,5550462,232139,26856,0,3267801,0,4663,-394095,402,0,3136963,8687425,21604,0,5,0,0,0,0,0,0,0,1269,0,0,0,0,1953353,70096,21466,89445,4543,0,0,137167,92027,29974,0,0,73568,2522,0,68922,0,0,0,0,0,0,262,402720,2946065,30198,0,522,0,0,0,0,0,4709,18600,0,0,0,0,0,3,0,0,0,0,0,0,0,63,54095,1983550,70096,21988,89445,4543,0,0,137167,96736,48574,0,0,73568,2522,0,68925,0,0,0,0,0,0,262,402783,3000160,0,26846,0,2438715,0,-25234,57037,402,0,2496962,5497121,20935,0,1804,0,0,0,0,0,0,0,1378,0,0,0,0,1733341,61535,18803,128923,4635,0,0,157840,98530,16010,0,0,85589,1516,0,70864,0,1133,0,0,0,0,14,272171,2650905,21419,0,418,0,0,0,0,0,10476,985,0,0,0,0,0,0,0,0,0,0,0,0,0,118,33416,1754759,61535,19221,128923,4635,0,0,157840,109006,16995,0,0,85589,1516,0,70864,0,1133,0,0,0,0,14,272290,2684321,0,18414,30,2115923,48300,27335,80272,402,0,2289872,4974192
070892,00000,Delta Dental of California Group (G),20657,0,0,0,0,0,0,13310,0,0,0,800,0,0,0,225027,0,2438,172,0,0,0,77395,73243,4149,1664,58270,1031,181,0,45600,0,0,0,13310,0,0,9583,755245,1267307,55,0,0,0,0,0,0,0,0,0,0,0,0,0,0,0,0,0,0,0,0,0,0,0,55,225082,0,2438,172,0,0,0,77395,73243,4149,1664,58270,1031,181,0,45600,0,0,0,13310,0,0,9583,755245,1267362,4108,3034,932,6077,0,-4672,1061725,17,0,1071187,2338549,18693,0,0,0,0,0,1000,11054,0,0,0,0,0,0,0,353291,0,2966,48,0,0,0,75153,67393,0,1674,23011,2477,0,0,38221,0,0,0,12054,0,0,7047,412877,996213,80,0,0,0,0,0,0,0,0,0,0,0,0,0,0,0,0,0,0,0,0,0,0,0,80,353371,0,2966,48,0,0,0,75153,67393,0,1674,23011,2477,0,0,38221,0,0,0,12054,0,0,7047,412877,996293,3835,4386,932,7601,0,27543,905153,14,0,949437,1945729,21992,0,0,0,0,0,1000,12349,0,0,0,550,0,0,0,329457,0,3004,40,0,0,0,69578,64586,9072,967,21532,2499,0,0,40239,0,0,0,13349,0,0,6297,407872,968493,40,0,114,0,0,0,0,469,218,0,0,0,0,0,0,1253,0,0,0,0,0,0,0,0,2094,329496,0,3118,40,0,0,0,70047,64804,9072,967,21532,2499,0,0,41492,0,0,0,13349,0,0,6297,407872,970586,4601,3037,932,5712,0,47598,755128,12,0,816996,1787582,43656,682,0,0,0,0,0,13130,0,0,0,550,0,0,0,361920,0,2819,44,0,0,0,36265,61144,918,0,19121,1329,0,0,32901,0,0,0,13130,0,0,6459,403952,940000,38,0,99,0,0,0,0,268,259,0,0,0,0,0,0,956,0,0,0,0,0,0,0,0,1620,361958,0,2918,44,0,0,0,36532,61403,918,0,19121,1329,0,0,33857,0,0,0,13130,0,0,6459,403952,941620,265,3086,1245,5929,0,20045,628980,12,0,659538,1601158
020434,00000,EmblemHealth Group (G),4735,0,0,0,0,0,3020,0,0,0,0,0,0,0,0,676972,65723,15750,262856,0,0,0,39655,156016,11436,0,993,26123,12606,0,62026,0,0,0,3020,0,0,74976,235441,1643592,4487,0,0,0,0,0,0,0,0,0,0,0,0,0,0,0,0,0,0,0,0,0,0,0,4487,681459,65723,15750,262856,0,0,0,39655,156016,11436,0,993,26123,12606,0,62026,0,0,0,3020,0,0,74976,235441,1648079,65575,0,0,55662,311,743819,-126013,0,0,739354,2387434,5299,0,0,0,0,0,2936,0,0,0,14586,0,0,0,0,812287,31292,15926,303349,0,0,0,36102,200539,3454,0,1656,23688,18693,0,124539,0,0,0,2936,0,0,47223,282147,1903831,3131,0,0,0,0,0,0,0,0,0,0,0,0,0,0,0,0,0,0,0,0,0,0,0,3131,815418,31292,15926,303349,0,0,0,36102,200539,3454,0,1656,23688,18693,0,124539,0,0,0,2936,0,0,47223,282147,1906962,88188,0,0,55662,311,862719,-75898,0,0,930983,2837945,2635,600,0,0,0,0,273,0,0,0,0,0,0,0,0,922353,60108,27887,189116,0,0,0,20248,121870,676,0,36,4084,2952,0,30621,0,0,0,273,38,0,23590,170954,1574805,2588,0,0,0,0,0,0,0,0,0,0,0,0,0,0,0,0,0,0,0,0,0,0,0,2588,924940,60108,27887,189116,0,0,0,20248,121870,676,0,36,4084,2952,0,30621,0,0,0,273,38,0,23590,170954,1577392,83782,0,0,55662,311,1056419,397822,0,0,1593997,3171389,1670,4585,45,0,0,0,0,90,0,0,44,0,0,0,0,1021513,45130,32646,234880,0,0,0,30139,127515,4184,0,319,5704,970,0,76237,0,14963,0,90,671,0,18348,203080,1816390,2870,0,0,0,0,0,0,0,0,0,0,0,0,0,0,0,0,0,0,0,0,0,0,0,2870,1024384,45130,32646,234880,0,0,0,30139,127515,4184,0,319,5704,970,0,76237,0,14963,0,90,671,0,18348,203080,1819261,0,0,0,0,311,1022259,429434,0,0,1452004,3271265
060082,55107,Excellus Health Plan Inc,1923,0,0,166000,0,0,0,0,0,0,0,0,0,0,0,438158,11649,17120,57054,0,0,0,60270,78882,0,0,0,170898,0,186000,62308,0,629,120258,0,0,0,44880,719000,1967107,0,0,0,0,0,0,0,0,0,0,0,0,0,0,0,0,0,0,0,0,0,0,0,0,0,438158,11649,17120,57054,0,0,0,60270,78882,0,0,0,170898,0,186000,62308,0,629,120258,0,0,0,44880,719000,1967107,111595,0,0,0,0,746103,201721,0,0,1059419,3026526,0,0,0,144000,0,0,0,0,0,0,0,0,0,0,0,443270,18771,17455,11394,0,0,0,61654,92860,0,0,0,163245,0,204000,10492,0,0,147476,0,0,0,40845,677359,1888822,0,0,0,0,0,0,0,0,0,0,0,0,0,0,0,0,0,0,0,0,0,0,0,0,0,443270,18771,17455,11394,0,0,0,61654,92860,0,0,0,163245,0,204000,10492,0,0,147476,0,0,0,40845,677359,1888822,128415,0,0,0,0,742157,287055,0,0,1157627,3046448,0,0,0,135000,607,607,0,0,0,0,0,0,0,0,0,462523,8812,17477,29162,0,0,0,27671,95408,0,0,0,216290,0,243107,279,0,910,163215,0,0,0,42910,383637,1691400,0,0,0,0,0,0,0,0,0,0,0,0,0,0,0,0,0,0,0,0,0,0,0,0,0,462523,8812,17477,29162,0,0,0,27671,95408,0,0,0,216290,0,243107,279,0,910,163215,0,0,0,42910,383637,1691400,0,0,0,0,0,786165,566456,0,0,1352620,3044020,0,0,0,15000,8,0,0,0,0,0,0,0,0,0,0,493168,3607,20506,63189,0,0,0,65417,127301,0,0,0,177566,0,150008,0,0,1724,82920,0,0,0,41120,309619,1536143,0,0,0,0,0,0,0,0,0,0,0,0,0,0,0,0,0,0,0,0,0,0,0,0,0,493168,3607,20506,63189,0,0,0,65417,127301,0,0,0,177566,0,150008,0,0,1724,82920,0,0,0,41120,309619,1536143,0,0,0,0,0,748598,533888,0,0,1282486,2818629
070960,00000,Group Health Cooperative of Puget Sound (G),2883,0,0,6003,422,422,0,0,0,0,21315,0,0,0,0,267820,14379,7730,55962,0,0,117,21080,157082,0,0,1561,14077,3817,90802,2597,0,110,0,0,0,0,1950,323184,962265,551,0,0,0,0,0,0,0,0,0,0,0,0,0,0,0,0,0,0,0,0,0,0,0,551,268371,14379,7730,55962,0,0,117,21080,157082,0,0,1561,14077,3817,90802,2597,0,110,0,0,0,0,1950,323184,962817,22229,0,0,14458,0,0,842639,0,0,879326,1842143,0,0,0,6102,424,424,0,0,0,0,25168,0,0,0,0,251060,13914,9116,49734,0,0,101,24000,183732,2958,0,2646,9334,1589,90666,7088,0,11513,0,0,0,0,3064,348267,1008781,632,0,0,0,0,0,0,0,0,0,0,0,0,0,0,0,0,0,0,0,0,0,0,0,632,251692,13914,9116,49734,0,0,101,24000,183732,2958,0,2646,9334,1589,90666,7088,0,11513,0,0,0,0,3064,348267,1009412,26752,0,0,14575,0,0,750771,0,0,792099,1801511,0,0,0,0,0,0,0,0,0,0,27771,0,0,0,0,237507,16986,10230,37663,0,0,126,17739,149427,0,0,0,8350,0,121133,20313,0,133,0,0,0,0,561,235832,855999,784,0,0,0,0,0,0,0,0,0,0,0,0,0,0,0,0,0,0,0,0,0,0,205,990,238291,16986,10230,37663,0,0,126,17739,149427,0,0,0,8350,0,121133,20313,0,133,0,0,0,0,561,236038,856989,22900,0,0,14715,0,0,765911,0,0,803527,1660516,0,0,0,0,0,0,0,0,0,0,0,0,0,0,0,257141,4636,11941,21123,0,0,86,19183,123282,0,0,0,6982,0,131631,13924,0,3900,0,0,0,0,1452,376490,971772,900,0,0,0,0,0,0,0,0,0,0,0,0,0,0,0,0,0,0,0,0,0,0,0,900,258042,4636,11941,21123,0,0,86,19183,123282,0,0,0,6982,0,131631,13924,0,3900,0,0,0,0,1452,376490,972672,10453,0,0,14836,0,0,405971,0,0,431260,1403932
070929,00000,Health Care Service Corp Health Group (G),96415,0,0,899156,10985,10985,0,0,0,0,39739,0,0,0,0,2689801,195087,118346,1262948,0,0,0,403474,2082355,52237,0,4413,126538,526099,910142,100199,0,253,0,0,0,0,100353,40947,8613191,0,0,0,0,0,0,0,0,0,0,0,0,0,0,0,0,0,0,0,0,0,0,0,0,0,2689801,195087,118346,1262948,0,0,0,403474,2082355,52237,0,4413,126538,526099,910142,100199,0,253,0,0,0,0,100353,40947,8613191,538699,0,0,0,0,1164,8905091,0,0,9444954,18058144,134515,0,0,499011,10919,10919,0,0,0,0,8025,0,0,0,0,2434992,182380,123544,1740627,0,0,0,358556,1938692,61723,0,2266,43010,428492,509930,92489,0,0,0,0,0,0,118759,92694,8128155,0,0,0,0,0,0,0,0,0,0,0,0,0,0,0,0,0,0,0,0,0,0,0,0,0,2434992,182380,123544,1740627,0,0,0,358556,1938692,61723,0,2266,43010,428492,509930,92489,0,0,0,0,0,0,118759,92694,8128155,484852,0,0,0,0,1161,9456234,0,0,9942246,18070401,11237,2625,0,498873,10836,10836,0,0,0,0,297,0,0,0,0,1780195,164957,88320,1495110,0,0,0,176970,1626371,68210,0,1146,138073,404467,509709,24082,0,9970,0,0,0,0,61336,17135,6566051,40,0,0,0,0,0,0,0,0,0,0,0,0,0,0,0,0,0,0,0,0,0,0,0,40,1780235,164957,88320,1495110,0,0,0,176970,1626371,68210,0,1146,138073,404467,509709,24082,0,9970,0,0,0,0,61336,17135,6566092,0,0,0,0,0,1159,10270474,0,0,10271633,16837725,12270,42554,0,498741,10836,10836,0,0,0,0,0,0,0,0,0,1700295,152777,77823,1369030,0,0,0,205624,1171719,127429,0,466,107204,554441,509577,19774,0,6772,0,0,0,0,29954,0,6032886,15,0,0,0,0,0,0,0,0,0,0,0,0,0,0,0,0,0,0,0,0,0,0,0,15,1700310,152777,77823,1369030,0,0,0,205624,1171719,127429,0,466,107204,554441,509577,19774,0,6772,0,0,0,0,29954,0,6032901,0,0,0,4000,0,1158,9550808,0,0,9555966,15588867
070930,00000,HealthPartners Inc Group (G),0,0,0,8784,0,0,0,0,0,0,84611,0,0,0,0,212135,0,4360,13632,0,0,0,98344,271793,0,0,0,0,0,117155,254765,0,0,0,0,0,0,0,194021,1166205,691,0,0,0,0,0,0,0,0,0,0,0,0,0,0,0,0,0,0,0,0,0,0,0,691,212826,0,4360,13632,0,0,0,98344,271793,0,0,0,0,0,117155,254765,0,0,0,0,0,0,0,194021,1166896,15000,0,0,0,0,378266,544863,0,0,938129,2105025,0,0,0,10075,0,0,0,0,0,0,82349,0,0,0,0,209719,0,4334,0,0,0,0,92240,250244,0,0,0,0,0,125320,274495,0,0,0,0,0,0,0,184681,1141033,442,0,0,0,0,0,0,0,0,0,0,0,0,0,0,0,0,0,0,0,0,0,0,0,442,210161,0,4334,0,0,0,0,92240,250244,0,0,0,0,0,125320,274495,0,0,0,0,0,0,0,184681,1141475,0,0,0,0,0,410632,497998,0,0,908630,2050105,0,0,0,5885,0,0,0,0,0,0,79862,0,0,0,0,186141,0,3899,0,0,0,0,33308,188795,0,0,0,0,0,135530,215942,0,0,0,0,0,0,0,180909,944524,376,0,0,0,0,0,0,0,0,0,0,0,0,0,0,0,0,0,0,0,0,0,0,0,376,186517,0,3899,0,0,0,0,33308,188795,0,0,0,0,0,135530,215942,0,0,0,0,0,0,0,180909,944900,0,0,0,0,0,363275,483094,0,0,846369,1791269,0,0,0,3215,0,0,0,0,0,0,61153,0,0,0,0,213289,0,4608,0,0,0,0,40478,186577,0,0,0,0,0,53845,97167,0,0,0,0,0,0,0,191982,787946,448,0,0,0,0,0,0,0,0,0,0,0,0,0,0,0,0,0,0,0,0,0,0,0,448,213737,0,4608,0,0,0,0,40478,186577,0,0,0,0,0,53845,97167,0,0,0,0,0,0,0,191982,788394,0,0,0,0,0,243713,465430,0,0,709143,1497537
070895,00000,Highmark Health Companies (G),555510,0,-141,0,4134,4134,302455,0,0,0,2248,0,0,0,0,1526953,34555,33699,528132,0,0,46,210396,1127029,6674,0,408829,34657,3107,792976,130539,0,7392,120066,302455,0,0,192671,266751,5726927,13758,0,863,0,0,0,0,14,25,3,0,8,0,0,0,10,0,0,0,0,0,0,0,3,14684,1540711,34555,34562,528132,0,0,46,210410,1127054,6677,0,408837,34657,3107,792976,130549,0,7392,120066,302455,0,0,192671,266754,5741611,101869,3,0,71004,16000,0,4215968,0,0,4404844,10146455,240131,0,17,60513,4181,4181,75092,0,0,0,6253,0,0,0,0,1244293,36455,32332,376695,0,0,54,241127,1113167,20781,1073,229860,27706,1397,728342,216233,0,77223,195846,75092,0,0,184879,254436,5056992,13306,0,915,0,0,0,0,6,22,22,0,9,0,0,0,7,0,0,0,0,0,0,0,2,14289,1257599,36455,33247,376695,0,0,54,241133,1113189,20803,1073,229869,27706,1397,728342,216240,0,77223,195846,75092,0,0,184879,254438,5071281,160432,911,0,135648,0,0,4578442,0,0,4875433,9946714,7490,847,2,67562,5393,5393,0,0,0,0,9597,0,0,0,0,1220460,15703,28699,375508,0,0,68,251286,793657,30330,5445,2795,15536,1041,1279421,94454,0,10426,190104,0,0,0,191441,259477,4765849,15383,0,1013,0,0,0,0,4,37,117,0,0,0,0,0,25,0,0,0,0,0,0,0,1,16580,1235843,15703,29711,375508,0,0,68,251289,793694,30447,5445,2795,15536,1041,1279421,94479,0,10426,190104,0,0,0,191441,259478,4782428,0,911,0,130276,0,0,5267373,0,0,5398561,10180989,359334,1082,177,384871,10449,10449,174630,0,0,0,5754,0,0,0,0,1372398,17068,29981,519050,0,0,58,231549,763353,32635,0,322765,9060,1007,992593,86156,5016,8597,220757,174630,0,0,197198,229770,5213641,18332,0,1257,0,0,0,0,10,31,5,1,0,0,0,0,66,0,0,0,0,0,0,0,1,19704,1390729,17068,31239,519050,0,0,58,231559,763384,32641,1,322765,9060,1007,992593,86222,5016,8597,220757,174630,0,0,197198,229771,5233345,0,913,0,126674,0,0,4943755,0,0,5071342,10304686
070932,00000,Horizon Healthcare Services Companies (G),43266,0,0,0,0,0,29575,0,0,0,0,0,0,0,0,952096,15599,12826,213714,0,0,0,105659,602142,37532,0,0,739,0,132175,100689,0,27130,0,29575,0,0,11254,248351,2489482,0,0,0,0,0,0,0,0,0,0,0,0,0,0,0,0,0,0,0,0,0,0,0,0,0,952096,15599,12826,213714,0,0,0,105659,602142,37532,0,0,739,0,132175,100689,0,27130,0,29575,0,0,11254,248351,2489482,159900,0,0,0,0,2146009,0,0,0,2305909,4795391,0,0,0,0,0,0,0,0,0,0,0,0,0,0,0,969911,11795,13510,120209,0,0,0,89327,514356,17554,0,0,595,0,124890,247213,0,700,0,0,0,0,11051,254282,2375393,0,0,0,0,0,0,0,0,0,0,0,0,0,0,0,0,0,0,0,0,0,0,0,0,0,969911,11795,13510,120209,0,0,0,89327,514356,17554,0,0,595,0,124890,247213,0,700,0,0,0,0,11051,254282,2375393,113000,0,0,0,0,2117234,0,0,0,2230234,4605628,0,0,0,0,0,0,0,0,0,0,0,0,0,0,0,881371,4493,15354,153652,0,0,0,98913,436283,19765,0,0,719,0,223500,176578,0,2594,0,0,0,0,11010,243041,2267273,0,0,0,0,0,0,0,0,0,0,0,0,0,0,0,0,0,0,0,0,0,0,0,0,0,881371,4493,15354,153652,0,0,0,98913,436283,19765,0,0,719,0,223500,176578,0,2594,0,0,0,0,11010,243041,2267273,0,0,0,0,0,2212038,0,0,0,2212038,4479311,0,4250,0,0,0,0,0,0,0,0,0,0,0,0,0,916698,8695,15519,215782,0,0,0,110827,457607,21911,0,0,127,0,0,171254,0,29379,0,0,0,0,9727,254571,2212097,0,0,0,0,0,0,0,0,0,0,0,0,0,0,0,0,0,0,0,0,0,0,0,0,0,916698,8695,15519,215782,0,0,0,110827,457607,21911,0,0,127,0,0,171254,0,29379,0,0,0,0,9727,254571,2212097,0,0,0,0,0,2106940,0,0,0,2106940,4319037
070970,00000,Humana Health Companies (G),199818,15954,15791,0,0,0,0,372133,0,0,623,0,0,0,0,4097977,13005,31623,1168140,2173,0,1519,307022,488587,200360,0,49662,11045,26492,0,79161,0,0,0,372133,0,0,195557,7791,7052249,391049,0,0,0,0,0,43,0,0,0,0,0,0,0,0,0,0,0,0,0,0,0,0,0,391092,4489026,13005,31623,1168140,2173,0,1562,307022,488587,200360,0,49662,11045,26492,0,79161,0,0,0,372133,0,0,195557,7791,7443341,849513,38030,0,5029071,0,4441,417357,0,0,6338412,13781754,240878,43259,3632,0,0,0,0,346528,0,0,23351,0,0,0,0,3726183,13909,80899,453944,2328,0,3872,292452,444994,163759,1,27713,7129,47260,0,74982,0,0,0,346528,0,0,101129,131200,5918281,381312,0,0,0,0,0,188,0,0,0,0,0,0,0,0,0,0,0,0,0,0,0,0,0,381500,4107495,13909,80899,453944,2328,0,4060,292452,444994,163759,1,27713,7129,47260,0,74982,0,0,0,346528,0,0,101129,131200,6299781,807945,38030,0,3788339,2400,911,1112605,0,0,5750230,12050011,11983,24612,280,0,0,0,0,10875,0,0,69156,0,0,0,0,3568613,2615,27279,340648,2430,0,1820,151039,383011,64525,1,1785,4027,10907,0,78241,0,0,0,37918,0,0,66778,426011,5167649,139120,0,0,0,0,0,452,0,0,0,0,0,0,0,0,0,0,0,0,0,0,0,0,0,139571,3707733,2615,27279,340648,2430,0,2271,151039,383011,64525,1,1785,4027,10907,0,78241,0,0,0,37918,0,0,66778,426011,5307220,0,39138,0,3370874,2400,-720,1736957,0,0,5148649,10455869,83,21157,3834,0,0,0,0,0,0,0,35382,0,0,0,0,3461221,3661,23277,307163,13025,0,2796,168430,395585,175395,0,739,4984,11312,0,23236,0,0,0,0,0,0,99282,630657,5320763,98484,0,0,0,0,0,236,0,0,0,0,0,0,0,0,0,0,0,0,0,0,0,0,0,98720,3559705,3661,23277,307163,13025,0,3032,168430,395585,175395,0,739,4984,11312,0,23236,0,0,0,0,0,0,99282,630657,5419483,0,44637,0,3173893,3600,1040,1447113,0,0,4670283,10089766
070982,00000,Independence Blue Cross Group (G),98889,19240,736,352000,393,393,95812,0,0,0,37,0,0,0,0,933118,39766,13751,177500,0,0,11742,208660,300855,7771,191,116913,81194,531,352393,258821,0,3419,0,95812,0,0,198999,51636,2853073,41396,0,0,0,0,0,23,0,0,0,0,0,0,0,0,0,0,0,0,0,0,0,0,0,41419,974515,39766,13751,177500,0,0,11765,208660,300855,7771,191,116913,81194,531,352393,258821,0,3419,0,95812,0,0,198999,51636,2894493,235374,5870,0,1062159,1135,0,313868,0,0,1618405,4512898,68098,25394,3037,0,0,0,73104,0,0,0,85,0,0,0,0,1006892,35659,12195,227958,0,0,8900,132889,270951,19075,2544,135196,41314,790,0,617128,0,978,0,73104,0,0,201185,38941,2825701,21259,0,0,0,0,0,18,0,0,0,0,0,0,0,0,0,0,0,0,0,0,0,0,0,21276,1028151,35659,12195,227958,0,0,8918,132889,270951,19075,2544,135196,41314,790,0,617128,0,978,0,73104,0,0,201185,38941,2846978,227001,5869,0,874623,2450,0,704611,0,0,1814554,4661532,4140,4000,3354,0,0,0,11137,0,0,0,1482,0,0,0,0,778268,23432,10682,117599,0,0,9954,145505,315005,25995,4939,1065,90668,17200,0,434814,0,178,0,11137,0,0,181192,25064,2192697,14645,0,0,0,0,0,12,0,0,0,0,0,0,0,0,0,0,0,0,0,0,0,0,0,14657,792913,23432,10682,117599,0,0,9966,145505,315005,25995,4939,1065,90668,17200,0,434814,0,178,0,11137,0,0,181192,25064,2207354,0,387,0,55225,2450,0,2262122,0,0,2320184,4527538,2076,17570,-885,0,0,0,8790,0,0,0,0,0,0,0,0,741118,12081,10036,171633,0,0,10894,204401,485697,18282,222,1300,56943,23045,0,508806,0,452,0,8790,0,0,174749,18859,2447307,10017,0,0,0,0,0,10,0,0,0,0,0,0,0,0,0,0,0,0,0,0,0,0,0,10027,751136,12081,10036,171633,0,0,10903,204401,485697,18282,222,1300,56943,23045,0,508806,0,452,0,8790,0,0,174749,18859,2457334,0,387,0,37375,2450,0,2026072,0,0,2066284,4523618
070936,00000,Kaiser Foundation Group of Health Plans (G),10025,0,0,0,0,0,0,0,0,0,255416,0,0,0,0,1554915,0,12813,51919,0,0,0,713034,3172157,0,0,3365,80192,1482,7595300,505443,0,2900,0,0,0,0,14628,26204459,39912607,415194,0,2136,46069,0,0,0,23282,28881,0,0,2540,3590,44,0,207741,0,4281,0,0,0,0,0,518772,1252531,1970109,0,14949,97987,0,0,0,736316,3201038,0,0,5905,83782,1526,7595300,713184,0,7181,0,0,0,0,14628,26723232,41165137,94000,72,4000,205859,946000,-4489250,29380580,0,0,26141261,67306398,4964,0,0,0,0,0,0,0,0,0,267033,0,0,0,0,1258832,1474,16273,82434,0,0,0,657511,3339255,1586,0,4839,75438,7963,7621341,370180,0,2030,0,0,0,0,19401,30042925,43501481,339591,0,1920,2672,0,0,0,16394,41510,0,0,1162,3786,208,0,379806,0,3161,0,0,0,0,0,505397,1295608,1598423,1474,18192,85106,0,0,0,673905,3380765,1586,0,6001,79223,8171,7621341,749986,0,5191,0,0,0,0,19401,30548322,44797089,96000,72,4000,30851,803000,-6690958,27357547,0,0,21600512,66397600,0,1400,0,0,0,0,0,0,0,0,163559,0,0,0,0,1121170,187,10197,24989,0,0,0,573193,2615180,0,0,0,75455,7133,7660018,409920,0,0,0,0,0,0,14590,23062442,35574474,313335,0,1539,2885,0,0,0,6702,27613,0,0,0,1606,94,12863,481826,0,0,0,0,0,0,0,332965,1181427,1434505,187,11736,27874,0,0,0,579894,2642793,0,0,0,77061,7227,7672881,891745,0,0,0,0,0,0,14590,23395408,36755901,1,72,4000,30838,449000,-1398521,25216329,0,0,24301719,61057620,0,2080,0,0,345,345,0,0,0,0,203213,0,0,0,0,1186738,0,14705,26164,0,0,0,589243,2853448,1935,0,0,67233,4684,7687587,373896,0,35561,0,0,0,0,12132,27229927,40083254,328726,0,1621,6372,0,0,0,12651,80028,0,0,0,1591,361,13194,399267,0,7695,0,0,0,0,0,335923,1187431,1515464,0,16327,32536,0,0,0,601894,2933476,1935,0,0,68825,5045,7700781,773163,0,43256,0,0,0,0,12132,27565850,41270685,1,72,4000,30839,391000,-7479009,22615002,0,0,15561905,56832590
064652,00000,Local Initiative Health Authority of LA,0,0,0,0,0,0,0,0,0,0,0,0,0,0,0,460320,359691,0,0,0,0,0,0,4886,0,0,0,1456737,0,0,0,0,0,0,0,0,0,0,83094,2364728,0,0,0,0,0,0,0,0,0,0,0,0,0,0,0,0,0,0,0,0,0,0,0,0,0,460320,359691,0,0,0,0,0,0,4886,0,0,0,1456737,0,0,0,0,0,0,0,0,0,0,83094,2364728,0,0,0,10665,0,357583,124692,0,0,492940,2857668,0,0,0,0,0,0,0,0,0,0,0,0,0,0,0,306757,139019,0,0,0,0,0,0,624,0,0,0,629391,0,0,0,0,0,0,0,0,0,0,58883,1134674,0,0,0,0,0,0,0,0,0,0,0,0,0,0,0,0,0,0,0,0,0,0,0,0,0,306757,139019,0,0,0,0,0,0,624,0,0,0,629391,0,0,0,0,0,0,0,0,0,0,58883,1134674,0,0,0,10665,0,140170,69240,0,0,220075,1354749,0,0,0,0,0,0,0,0,0,0,0,0,0,0,0,126832,41527,0,0,0,0,0,0,63,0,0,0,802639,0,0,0,0,0,0,0,0,0,0,86872,1057933,0,0,0,0,0,0,0,0,0,0,0,0,0,0,0,0,0,0,0,0,0,0,0,0,0,126832,41527,0,0,0,0,0,0,63,0,0,0,802639,0,0,0,0,0,0,0,0,0,0,86872,1057933,0,0,0,10665,0,131645,33633,0,0,175943,1233876,0,0,0,0,0,0,0,0,0,0,0,0,0,0,0,94500,42552,0,0,0,0,0,0,442,0,0,0,209645,0,0,0,0,0,0,0,0,0,0,22948,370087,0,0,0,0,0,0,0,0,0,0,0,0,0,0,0,0,0,0,0,0,0,0,0,0,0,94500,42552,0,0,0,0,0,0,442,0,0,0,209645,0,0,0,0,0,0,0,0,0,0,22948,370087,0,0,0,10665,0,105220,23373,0,0,139258,509345
070997,00000,Louisiana Health Services Group (G),9556,0,95,0,0,0,0,0,0,0,36,0,0,0,0,254351,5444,10490,131713,0,0,216,64278,71358,0,0,639,38,5401,0,132596,0,701,0,0,0,0,33603,59093,769921,0,0,0,0,0,0,0,0,0,0,0,0,0,0,0,0,0,0,0,0,0,0,0,0,0,254351,5444,10490,131713,0,0,216,64278,71358,0,0,639,38,5401,0,132596,0,701,0,0,0,0,33603,59093,769921,43500,0,0,0,0,300,1036332,0,0,1080132,1850053,1092,0,-243,0,0,0,0,0,0,0,76,0,0,0,0,245502,765,11610,100608,0,0,206,62547,73575,0,7354,255,14,4769,0,126753,0,1994,0,0,0,0,29002,66572,731526,0,0,0,0,0,0,0,0,0,0,0,0,0,0,0,0,0,0,0,0,0,0,0,0,0,245502,765,11610,100608,0,0,206,62547,73575,0,7354,255,14,4769,0,126753,0,1994,0,0,0,0,29002,66572,731526,42146,0,0,0,0,300,1102834,0,0,1145280,1876806,1481,0,108,0,0,0,0,0,0,0,0,0,0,0,0,204002,167,8300,102815,0,0,170,54122,67323,2084,7244,0,10,4449,0,101203,0,0,0,0,0,0,9919,66873,628680,0,0,0,0,0,0,0,0,0,0,0,0,0,0,0,0,0,0,0,0,0,0,0,0,0,204002,167,8300,102815,0,0,170,54122,67323,2084,7244,0,10,4449,0,101203,0,0,0,0,0,0,9919,66873,628680,0,0,0,0,0,300,1102097,0,0,1102397,1731077,1703,0,64,0,0,0,0,0,0,0,0,0,0,0,0,227210,0,8540,108421,0,0,156,42135,95496,3820,4683,819,237,4052,0,96339,0,59,0,0,0,0,4097,16341,612405,0,0,0,0,0,0,0,0,0,0,0,0,0,0,0,0,0,0,0,0,0,0,0,0,0,227210,0,8540,108421,0,0,156,42135,95496,3820,4683,819,237,4052,0,96339,0,59,0,0,0,0,4097,16341,612405,0,0,0,0,0,17961,974496,0,0,992457,1604862
070102,00000,Medco Containment Group (G),0,0,0,0,0,0,0,0,0,0,0,0,0,0,0,46292,0,1265,0,0,0,0,1878,81570,43711,0,0,0,2764,0,128407,0,0,0,0,0,0,693962,0,999847,0,0,0,0,0,0,0,0,0,0,0,0,0,0,0,0,0,0,0,0,0,0,0,0,0,46292,0,1265,0,0,0,0,1878,81570,43711,0,0,0,2764,0,128407,0,0,0,0,0,0,693962,0,999847,12466,6100,0,125815,0,0,306749,0,0,451130,1450977,0,0,0,0,0,0,0,0,0,0,1921,0,0,0,0,28448,0,1202,0,0,0,0,2462,68461,34836,0,0,0,1730,0,265,0,0,0,0,0,0,928679,0,1066084,0,0,0,0,0,0,0,0,0,0,0,0,0,0,0,0,0,0,0,0,0,0,0,0,0,28448,0,1202,0,0,0,0,2462,68461,34836,0,0,0,1730,0,265,0,0,0,0,0,0,928679,0,1066084,14181,6100,0,125315,0,0,298976,0,0,444572,1510656,0,0,0,0,0,0,0,0,0,0,0,0,0,0,0,19139,0,484,949,0,0,0,1766,24929,59996,0,0,0,1363,0,877,0,0,0,0,0,0,601215,0,710717,0,0,0,0,0,0,0,0,0,0,0,0,0,0,0,0,0,0,0,0,0,0,0,0,0,19139,0,484,949,0,0,0,1766,24929,59996,0,0,0,1363,0,877,0,0,0,0,0,0,601215,0,710717,0,6100,0,115315,0,0,277200,0,0,398614,1109332,0,0,0,0,0,0,0,0,0,0,0,0,0,0,0,20326,0,294,0,0,0,0,1628,13235,25948,0,0,0,487,0,544,0,0,0,0,0,0,177831,-357,239935,0,0,0,0,0,0,0,0,0,0,0,0,0,0,0,0,0,0,0,0,0,0,0,0,0,20326,0,294,0,0,0,0,1628,13235,25948,0,0,0,487,0,544,0,0,0,0,0,0,177831,-357,239935,0,6100,0,104315,0,0,182083,0,0,292498,532433
070902,00000,Medica Holding Companies (G),6743,0,0,0,0,0,6743,0,0,0,137,0,0,0,0,345112,7127,7515,15194,0,0,6743,178181,140279,164,0,1354,0,141,0,3798,0,3945,0,6743,0,0,2835,137,719267,10570,0,0,0,0,0,0,0,0,0,0,0,0,0,0,0,0,0,0,0,0,0,0,0,10570,355681,7127,7515,15194,0,0,6743,178181,140279,164,0,1354,0,141,0,3798,0,3945,0,6743,0,0,2835,137,729837,34300,1000,0,20100,0,0,769141,0,0,824541,1554378,30307,0,0,0,0,0,30307,0,0,0,45346,0,0,0,0,277483,7736,7538,6645,0,0,30307,137370,75584,0,0,1743,0,231,0,10327,0,360,0,30307,0,0,3998,45346,634975,7296,0,0,0,0,0,0,0,0,0,0,0,0,0,0,0,0,0,0,0,0,0,0,0,7296,284779,7736,7538,6645,0,0,30307,137370,75584,0,0,1743,0,231,0,10327,0,360,0,30307,0,0,3998,45346,642271,40100,500,0,20600,0,0,721976,0,0,783176,1425447,67688,0,0,0,0,0,67688,0,0,0,128,0,0,0,0,244840,10357,5447,14827,0,0,67688,24052,109553,588,0,0,0,673,0,2906,0,158,0,67688,0,0,5234,203,554214,6517,0,0,0,0,0,0,0,0,0,0,0,0,0,0,0,0,0,0,0,0,0,0,0,6517,251357,10357,5447,14827,0,0,67688,24052,109553,588,0,0,0,673,0,2906,0,158,0,67688,0,0,5234,203,560730,0,500,0,20600,0,0,665630,0,0,686730,1247460,41588,0,0,0,0,0,41588,0,0,0,101,0,0,0,0,227718,8256,5484,28029,0,0,41588,32439,161790,124,0,0,0,688,0,3041,0,3693,0,41588,0,0,6749,254,561444,5822,0,0,0,0,0,0,0,0,0,0,0,0,0,0,0,0,0,0,0,0,0,0,0,5822,233539,8256,5484,28029,0,0,41588,32439,161790,124,0,0,0,688,0,3041,0,3693,0,41588,0,0,6749,254,567265,0,500,0,5600,0,0,694197,0,0,700297,1267562
020468,00000,Medical Mutual of Ohio Group (G),6598,9,0,0,0,0,0,0,0,0,8378,0,0,0,0,221512,6031,5692,31650,0,0,0,83123,106095,7544,0,0,0,875,0,7352,0,40,0,0,0,0,0,94220,564134,0,0,0,0,0,0,0,0,0,0,0,0,0,0,0,0,0,0,0,0,0,0,0,0,0,221512,6031,5692,31650,0,0,0,83123,106095,7544,0,0,0,875,0,7352,0,40,0,0,0,0,0,94220,564134,37641,0,0,0,0,0,1315199,0,0,1352840,1916974,8658,0,0,0,0,0,0,0,0,0,4713,0,0,0,0,233162,5054,5653,0,0,0,0,80159,106573,5113,0,0,0,1373,0,10820,0,500,0,0,0,0,0,87792,536198,0,0,0,0,0,0,0,0,0,0,0,0,0,0,0,0,0,0,0,0,0,0,0,0,0,233162,5054,5653,0,0,0,0,80159,106573,5113,0,0,0,1373,0,10820,0,500,0,0,0,0,0,87792,536198,43203,0,0,0,0,0,1236699,0,0,1279902,1816100,0,270,0,0,0,0,0,0,0,0,8980,0,0,0,0,232715,3000,4762,270,0,0,0,22772,107518,10435,0,0,171,1422,0,3197,0,491,0,0,0,0,0,86658,473411,0,0,0,0,0,0,0,0,0,0,0,0,0,0,0,0,0,0,0,0,0,0,0,0,0,232715,3000,4762,270,0,0,0,22772,107518,10435,0,0,171,1422,0,3197,0,491,0,0,0,0,0,86658,473411,0,0,0,0,0,0,1221804,0,0,1221804,1695215,0,1607,40,0,0,0,0,0,0,0,156,0,0,0,0,268206,2756,5806,5901,0,0,0,72177,96006,1505,0,0,0,1150,0,904,0,22,0,0,0,0,0,75964,530397,0,0,0,0,0,0,0,0,0,0,0,0,0,0,0,0,0,0,0,0,0,0,0,0,0,268206,2756,5806,5901,0,0,0,72177,96006,1505,0,0,0,1150,0,904,0,22,0,0,0,0,0,75964,530397,0,0,0,0,0,0,1133561,0,0,1133561,1663958
020326,00000,Molina Healthcare Group (G),7409,2708,0,0,0,0,0,0,0,0,178389,0,0,0,0,1454548,70371,17915,426823,0,0,0,188100,102551,25924,0,409,124327,0,0,52982,0,0,0,0,0,0,3179,286010,2753139,9485,0,168,0,0,0,0,0,16434,0,0,0,0,0,0,0,0,0,0,0,0,0,0,53040,79127,1464033,70371,18083,426823,0,0,0,188100,118985,25924,0,409,124327,0,0,52982,0,0,0,0,0,0,3179,339050,2832266,199700,1823,0,1437767,0,-548,-280715,0,0,1358027,4190293,0,0,0,0,0,0,0,0,0,0,99552,0,0,0,0,1030901,137619,13325,285908,0,0,0,166263,111981,17216,0,424,26085,0,0,9953,0,0,0,0,0,0,1812,229312,2030798,666,0,8,0,0,0,0,0,5996,0,0,0,0,0,0,0,0,0,0,0,0,0,0,32136,38806,1031567,137619,13333,285908,0,0,0,166263,117977,17216,0,424,26085,0,0,9953,0,0,0,0,0,0,1812,261448,2069604,138800,1823,0,902067,0,0,-72154,0,0,970537,3040141,7,0,0,0,0,0,0,0,0,0,16618,0,0,0,0,548681,95119,6718,6725,0,0,0,86881,87537,10,0,588,7051,0,0,30075,0,0,0,0,0,0,1779,107641,978805,8,0,0,0,0,0,0,0,0,0,0,0,0,0,0,0,0,0,0,0,0,0,0,0,8,548688,95119,6718,6725,0,0,0,86881,87537,10,0,588,7051,0,0,30075,0,0,0,0,0,0,1779,107641,978813,0,1823,0,640835,0,0,31161,0,0,673819,1652632,208,0,0,0,0,0,0,0,0,0,0,0,0,0,0,442858,23137,5949,7070,0,0,0,83678,68966,16545,0,721,2424,0,0,14918,0,0,0,0,0,0,4201,18265,688732,7315,0,103,0,0,0,0,0,0,0,0,0,0,0,0,0,0,0,0,0,0,0,0,0,7418,450173,23137,6051,7070,0,0,0,83678,68966,16545,0,721,2424,0,0,14918,0,0,0,0,0,0,4201,18265,696150,0,1823,0,502720,0,0,68558,0,0,573101,1269251
064713,00000,Orange Prevention & Trtmt Int Med Assist,0,0,0,0,0,0,0,0,0,0,0,0,0,0,0,356761,513257,0,0,0,0,0,207987,9402,0,0,0,93972,0,0,0,0,0,0,0,0,0,0,58108,1239488,0,0,0,0,0,0,0,0,0,0,0,0,0,0,0,0,0,0,0,0,0,0,0,0,0,356761,513257,0,0,0,0,0,207987,9402,0,0,0,93972,0,0,0,0,0,0,0,0,0,0,58108,1239488,0,0,0,0,0,0,627043,0,0,627043,1866531,0,0,0,0,0,0,0,0,0,0,0,0,0,0,0,291974,96044,0,0,0,0,0,21086,8776,0,0,0,84940,0,0,0,0,0,0,0,0,0,0,104344,607164,0,0,0,0,0,0,0,0,0,0,0,0,0,0,0,0,0,0,0,0,0,0,0,0,0,291974,96044,0,0,0,0,0,21086,8776,0,0,0,84940,0,0,0,0,0,0,0,0,0,0,104344,607164,0,0,0,0,0,0,400310,0,0,400310,1007474,0,0,0,0,0,0,0,0,0,0,0,0,0,0,0,308275,36730,0,0,0,0,0,21315,11256,0,0,0,63621,0,0,0,0,0,0,0,0,0,0,37280,478476,0,0,0,0,0,0,0,0,0,0,0,0,0,0,0,0,0,0,0,0,0,0,0,0,0,308275,36730,0,0,0,0,0,21315,11256,0,0,0,63621,0,0,0,0,0,0,0,0,0,0,37280,478476,0,0,0,0,0,0,211932,0,0,211932,690408,0,0,0,0,0,0,0,0,0,0,0,0,0,0,0,213849,17440,0,0,0,0,0,17937,7934,0,0,0,20081,0,0,0,0,0,0,0,0,0,0,30845,308086,0,0,0,0,0,0,0,0,0,0,0,0,0,0,0,0,0,0,0,0,0,0,0,0,0,213849,17440,0,0,0,0,0,17937,7934,0,0,0,20081,0,0,0,0,0,0,0,0,0,0,30845,308086,0,0,0,0,0,0,156855,0,0,156855,464941
070993,00000,Premera Companies (G),26090,902,0,30000,1,1,0,0,0,0,72595,0,0,0,0,440468,233,13258,72739,0,0,0,62400,188907,2575,7,6125,198,57,30001,11993,0,12852,0,0,0,0,72620,104358,1018792,26725,0,0,0,0,0,0,0,0,0,0,0,0,0,0,0,0,0,0,0,0,0,0,0,26725,467193,233,13258,72739,0,0,0,62400,188907,2575,7,6125,198,57,30001,11993,0,12852,0,0,0,0,72620,104358,1045518,56549,0,0,0,0,0,1331872,0,0,1388421,2433939,22284,7545,0,0,0,0,0,0,0,0,47335,0,0,0,0,374510,233,14788,77984,0,0,0,39948,221082,6963,1933,7816,178,2269,0,11373,0,4467,0,0,0,0,72146,89387,925077,23795,0,0,0,0,0,0,0,0,0,0,0,0,0,0,0,0,0,0,0,0,0,0,0,23795,398305,233,14788,77984,0,0,0,39948,221082,6963,1933,7816,178,2269,0,11373,0,4467,0,0,0,0,72146,89387,948872,50166,0,0,0,0,0,1365104,0,0,1415270,2364141,6516,2920,0,0,0,0,0,0,0,0,37068,0,0,0,0,276200,233,10858,51854,0,0,0,34310,148872,1054,10807,35,184,3068,0,14556,0,3138,0,0,0,0,91291,72236,718694,19102,0,0,0,0,0,0,0,0,0,0,0,0,0,0,0,0,0,0,0,0,0,0,0,19102,295302,233,10858,51854,0,0,0,34310,148872,1054,10807,35,184,3068,0,14556,0,3138,0,0,0,0,91291,72236,737796,0,0,0,0,0,0,1359948,0,0,1359948,2097744,57054,2314,0,0,0,0,0,0,0,0,27070,0,0,0,0,302820,149,11714,61313,0,0,0,40420,150422,887,0,52,120,1238,0,10657,0,4961,0,0,0,0,60284,56863,701901,18756,0,0,0,0,0,0,0,0,0,0,0,0,0,0,0,0,0,0,0,0,0,0,0,18756,321576,149,11714,61313,0,0,0,40420,150422,887,0,52,120,1238,0,10657,0,4961,0,0,0,0,60284,56863,720657,0,0,0,0,0,0,1160416,0,0,1160416,1881073
020353,00000,Regence Group (G),8657,83,2837,2400,0,0,0,0,0,0,3790,0,0,0,0,583480,7663,28733,213253,0,0,0,62657,62662,20682,4526,1037,28703,12461,41400,102241,0,7248,0,0,0,0,121000,3790,1301536,25518,0,0,0,0,0,0,0,0,0,0,0,0,0,0,0,0,0,0,0,0,0,0,0,25518,608998,7663,28733,213253,0,0,0,62657,62662,20682,4526,1037,28703,12461,41400,102241,0,7248,0,0,0,0,121000,3790,1327054,142249,0,0,0,0,0,2008662,0,0,2150911,3477965,7552,0,10726,37400,0,0,0,0,0,0,1823,0,0,0,0,552202,8441,28161,186715,0,0,0,65522,57869,13949,12608,123,30690,13995,78800,104611,0,3288,0,0,0,0,115353,1823,1274149,24796,0,0,0,0,0,0,0,0,0,0,0,0,0,0,0,0,0,0,0,0,0,0,0,24796,576998,8441,28161,186715,0,0,0,65522,57869,13949,12608,123,30690,13995,78800,104611,0,3288,0,0,0,0,115353,1823,1298945,162212,0,0,0,0,0,2038428,0,0,2200640,3499585,1275,4800,810,2400,0,0,0,0,0,0,2603,0,0,0,0,540292,3670,28026,223022,0,0,0,67637,53905,3115,1623,132,34907,13133,46200,88209,0,27692,0,0,0,0,140761,2603,1274927,22571,0,0,0,0,0,0,0,0,0,0,0,0,0,0,0,0,0,0,0,0,0,0,0,22571,562863,3670,28026,223022,0,0,0,67637,53905,3115,1623,132,34907,13133,46200,88209,0,27692,0,0,0,0,140761,2603,1297498,70355,0,0,0,0,0,2181415,0,0,2251771,3549269,1121,6095,4439,2400,0,0,0,0,0,0,21394,0,0,0,0,526570,3175,27976,240585,0,0,0,100876,67245,18077,0,130,36068,24297,48600,64043,0,24,0,0,0,0,59098,21394,1238158,20828,0,0,0,0,0,0,0,0,0,0,0,0,0,0,0,0,0,0,0,0,0,0,0,20828,547398,3175,27976,240585,0,0,0,100876,67245,18077,0,130,36068,24297,48600,64043,0,24,0,0,0,0,59098,21394,1258986,43503,0,0,0,0,0,2027183,0,0,2070686,3329671
064877,00000,Solano-Napa-Yolo Commission on Med Care,0,0,0,0,0,0,0,0,0,0,0,0,0,0,0,241018,55074,0,0,0,0,0,177,45460,0,0,0,456429,0,0,0,0,0,0,0,0,0,0,3573,801732,0,0,0,0,0,0,0,0,0,0,0,0,0,0,0,0,0,0,0,0,0,0,0,0,0,241018,55074,0,0,0,0,0,177,45460,0,0,0,456429,0,0,0,0,0,0,0,0,0,0,3573,801732,0,0,0,0,0,0,681473,0,0,681473,1483205,0,0,0,0,0,0,0,0,0,0,0,0,0,0,0,177265,27723,0,0,0,0,0,273,64748,0,0,0,40170,0,0,0,0,0,0,0,0,0,0,2993,313172,0,0,0,0,0,0,0,0,0,0,0,0,0,0,0,0,0,0,0,0,0,0,0,0,0,177265,27723,0,0,0,0,0,273,64748,0,0,0,40170,0,0,0,0,0,0,0,0,0,0,2993,313172,0,0,0,0,0,0,414060,0,0,414060,727232,0,0,0,0,0,0,0,0,0,0,0,0,0,0,0,90921,14444,0,0,0,0,0,217,27888,0,0,0,6275,0,0,0,0,0,0,0,0,0,0,2227,141973,0,0,0,0,0,0,0,0,0,0,0,0,0,0,0,0,0,0,0,0,0,0,0,0,0,90921,14444,0,0,0,0,0,217,27888,0,0,0,6275,0,0,0,0,0,0,0,0,0,0,2227,141973,0,0,0,0,0,0,236039,0,0,236039,378013,0,0,0,0,0,0,0,0,0,0,0,0,0,0,0,109646,11445,0,0,0,0,0,14095,38859,0,0,0,2078,0,0,0,0,0,0,0,0,0,0,1727,177850,0,0,0,0,0,0,0,0,0,0,0,0,0,0,0,0,0,0,0,0,0,0,0,0,0,109646,11445,0,0,0,0,0,14095,38859,0,0,0,2078,0,0,0,0,0,0,0,0,0,0,1727,177850,0,0,0,0,0,0,174073,0,0,174073,351923
070897,00000,TheWellCare Group of Companies (G),0,0,0,0,0,0,0,114,0,0,0,0,0,0,0,1318614,480,12773,173150,0,0,0,27506,70712,32734,1281,3997,0,623,0,440461,0,0,0,114,177,0,329,12219,2095170,0,0,0,0,0,0,0,0,0,0,0,0,0,0,0,0,0,0,0,0,0,0,0,0,0,1318614,480,12773,173150,0,0,0,27506,70712,32734,1281,3997,0,623,0,440461,0,0,0,114,177,0,329,12219,2095170,204349,17456,0,723247,0,0,335607,0,0,1280659,3375830,2707,0,0,0,0,0,0,2707,0,0,0,0,0,0,0,1254261,240,8566,15404,0,0,0,82064,28570,37877,0,5812,0,0,0,695740,0,0,0,2707,2520,0,219,8277,2142258,0,0,0,0,0,0,0,0,0,0,0,0,0,0,0,0,0,0,0,0,0,0,0,0,0,1254261,240,8566,15404,0,0,0,82064,28570,37877,0,5812,0,0,0,695740,0,0,0,2707,2520,0,219,8277,2142258,203032,16856,0,679547,0,0,130298,0,0,1029733,3171992,1766,0,0,0,0,0,0,1766,0,0,0,0,0,0,0,876420,1040,9336,54311,0,0,0,0,23858,29122,0,9433,448,0,0,66960,0,0,0,1766,5815,0,2151,5249,1085909,0,0,0,0,0,0,0,0,0,0,0,0,0,0,0,0,0,0,0,0,0,0,0,0,0,876420,1040,9336,54311,0,0,0,0,23858,29122,0,9433,448,0,0,66960,0,0,0,1766,5815,0,2151,5249,1085909,0,16855,0,639068,0,0,306204,0,0,962128,2048037,11338,0,0,0,0,0,0,8765,0,0,2201,0,0,0,0,752327,769,11213,137250,0,0,727,0,47921,57221,24,18079,415,3030,0,18772,0,1850,0,8765,0,0,7192,2201,1067756,0,0,0,0,0,0,0,0,0,0,0,0,0,0,0,0,0,0,0,0,0,0,0,0,0,752327,769,11213,137250,0,0,727,0,47921,57221,24,18079,415,3030,0,18772,0,1850,0,8765,0,0,7192,2201,1067756,0,16855,0,605568,12709,0,216762,0,0,851895,1919651
070875,00000,Tufts Associated Health Plans Group (G),735,0,0,0,0,0,0,0,0,0,137,0,0,0,0,358802,24717,6455,94160,0,0,0,13648,51373,0,0,1972,0,0,85000,24163,0,0,0,0,0,0,36224,20610,717124,0,0,0,0,0,0,0,0,0,0,0,0,0,0,0,0,0,0,0,0,0,0,0,0,0,358802,24717,6455,94160,0,0,0,13648,51373,0,0,1972,0,0,85000,24163,0,0,0,0,0,0,36224,20610,717124,23470,7840,0,1470,0,0,718780,0,0,751560,1468683,0,0,0,0,0,0,0,0,0,0,0,0,0,0,0,368173,29955,5950,38052,0,0,0,25855,52441,0,0,95,0,0,0,22680,0,0,0,0,0,0,106,29676,572983,0,0,0,0,0,0,0,0,0,0,0,0,0,0,0,0,0,0,0,0,0,0,0,0,0,368173,29955,5950,38052,0,0,0,25855,52441,0,0,95,0,0,0,22680,0,0,0,0,0,0,106,29676,572983,9839,0,0,0,0,0,755187,0,0,765026,1338009,0,0,0,0,0,0,0,0,0,0,0,0,0,0,0,342064,16698,5063,38004,0,0,0,28513,41149,727,0,0,0,0,0,12864,0,0,0,0,0,0,0,0,485082,0,0,0,0,0,0,0,0,0,0,0,0,0,0,0,0,0,0,0,0,0,0,0,0,0,342064,16698,5063,38004,0,0,0,28513,41149,727,0,0,0,0,0,12864,0,0,0,0,0,0,0,0,485082,0,0,0,0,0,0,715442,0,0,715442,1200524,0,1043,0,0,0,0,0,0,0,0,0,0,0,0,0,364161,32618,6293,64467,0,0,0,26052,47070,903,0,0,0,0,0,6643,0,0,0,0,0,0,0,0,548206,0,0,0,0,0,0,0,0,0,0,0,0,0,0,0,0,0,0,0,0,0,0,0,0,0,364161,32618,6293,64467,0,0,0,26052,47070,903,0,0,0,0,0,6643,0,0,0,0,0,0,0,0,548206,0,0,0,0,0,0,661640,0,0,661640,1209846
070852,00000,UCare Group (G),0,0,0,0,0,0,0,0,0,0,0,0,0,0,0,393007,3807,8827,119709,0,0,1130,56069,63632,0,0,0,111,0,0,9173,0,1397,0,0,0,0,0,23404,680267,20466,0,0,0,0,0,0,0,0,0,0,0,0,0,0,0,0,0,0,0,0,0,0,0,20466,413473,3807,8827,119709,0,0,1130,56069,63632,0,0,0,111,0,0,9173,0,1397,0,0,0,0,0,23404,700734,0,0,0,23000,0,0,533103,0,0,556103,1256836,0,0,0,0,0,0,0,0,0,0,0,0,0,0,0,353998,19349,8242,131710,0,0,0,198170,39211,0,0,0,55,0,0,1392,0,0,0,0,0,0,0,27403,779530,18830,0,0,0,0,0,0,0,0,0,0,0,0,0,0,0,0,0,0,0,0,0,0,0,18830,372828,19349,8242,131710,0,0,0,198170,39211,0,0,0,55,0,0,1392,0,0,0,0,0,0,0,27403,798360,0,0,0,16000,0,0,524001,0,0,540001,1338362,0,0,0,0,0,0,0,0,0,0,0,0,0,0,0,266425,20713,6150,45069,0,0,0,4552,35021,0,0,0,69,0,0,1023,0,2574,0,0,0,0,0,26728,408323,15271,0,0,0,0,0,0,0,0,0,0,0,0,0,0,0,0,0,0,0,0,0,0,0,15271,281695,20713,6150,45069,0,0,0,4552,35021,0,0,0,69,0,0,1023,0,2574,0,0,0,0,0,26728,423594,0,0,0,16000,0,0,436710,0,0,452710,876304,0,0,0,0,0,0,0,0,0,0,100,0,0,0,0,281330,20601,6692,17775,0,0,0,5843,26774,0,0,0,104,0,0,695,0,411,0,0,0,0,0,28947,389172,16427,0,0,0,0,0,0,0,0,0,0,0,0,0,0,0,0,0,0,0,0,0,0,0,16427,297756,20601,6692,17775,0,0,0,5843,26774,0,0,0,104,0,0,695,0,411,0,0,0,0,0,28947,405599,0,0,0,14113,0,0,386622,0,0,400735,806333
070980,00000,UnitedHealth Group Incorporated (G),202905,76458,0,0,964,964,0,15821,56937,0,71138,0,0,0,0,6407622,356927,73021,1271062,1054,0,23488,756709,614354,48573,0,259100,86030,16513,155360,839571,0,18862,0,72758,2,0,125119,178565,11304691,272734,1774,3189,4383,30,0,24269,4976,2695,1049,0,312,7,1,0,19712,0,403,0,0,0,0,211,207,335953,6680357,358701,76210,1275444,1084,0,47757,761686,617049,49622,0,259412,86037,16514,155360,859283,0,19265,0,72758,2,0,125331,178772,11640644,1099901,134024,8020,3935996,0,505116,3451003,1106,0,9132954,20773598,194363,32718,0,24400,85,0,129,11460,40562,0,84296,0,0,0,0,5026605,290768,54655,825030,1101,0,35822,763157,555626,157643,0,197043,75462,23222,24485,624301,0,21336,0,52151,0,0,133722,226223,9088350,220439,1657,1397,3299,30,0,5157,1140,11869,4525,0,361,7,1,0,2836,0,0,0,0,0,0,0,3014,255731,5247044,292424,56052,828329,1131,0,40979,764297,567495,162168,0,197404,75469,23223,24485,627136,0,21336,0,52151,0,0,133722,229236,9344081,978351,133025,8020,2834359,0,487421,3548952,1106,0,7989022,17333103,400537,14213,0,0,0,0,129,88,441962,0,52499,56250,0,0,0,4633115,260919,56416,483393,1045,0,22448,417598,254133,85212,0,829056,58040,11609,0,585407,0,58900,0,442179,0,3,176895,270632,8646999,200640,3011,2138,278,29,0,13849,1370,3097,163,0,491,14,13,0,33588,0,0,0,0,0,0,0,371,259053,4833754,263930,58554,483671,1075,0,36297,418969,257230,85375,0,829546,58055,11621,0,618995,0,58900,0,442179,0,3,176895,271003,8906052,0,132026,8020,2424899,0,1287163,3720017,1106,0,7571019,16477070,385826,28065,1667,0,0,0,113,553918,0,0,114715,15000,56,0,0,4457829,238060,78989,461222,1255,0,21854,399469,278858,77207,0,1199928,33187,12663,0,542599,0,7008,0,554031,0,1,75997,454819,8894975,213841,3957,2268,456,32,0,13391,1534,2067,0,0,7,0,1,0,22069,0,0,0,0,0,0,0,206,259828,4671670,242017,81257,461678,1287,0,35245,401003,280925,77207,0,1199935,33187,12663,0,564668,0,7008,0,554031,0,1,75997,455025,9154803,0,132042,8020,2644705,10000,1145779,2699063,1106,0,6638503,15793306
070966,00000,Vision Service Plan Group (G),0,0,0,0,0,0,0,0,0,0,0,0,0,0,0,111084,0,1168,0,0,0,0,25193,81863,22453,369,0,0,10510,0,39842,0,26,0,0,0,0,4612,283513,580632,0,0,0,0,0,0,0,0,0,0,0,0,0,0,0,0,0,0,0,0,0,0,0,0,0,111084,0,1168,0,0,0,0,25193,81863,22453,369,0,0,10510,0,39842,0,26,0,0,0,0,4612,283513,580632,27179,3959,0,38834,0,25847,1108002,0,0,1203821,1784452,0,0,0,0,0,0,0,0,0,0,0,0,0,0,0,97401,0,876,0,0,0,0,22881,71178,6793,2914,0,0,5687,0,47270,0,187,0,0,0,0,5498,278539,539223,0,0,0,0,0,0,0,0,0,0,0,0,0,0,0,0,0,0,0,0,0,0,0,0,0,97401,0,876,0,0,0,0,22881,71178,6793,2914,0,0,5687,0,47270,0,187,0,0,0,0,5498,278539,539223,28710,3950,0,38692,0,26506,1046362,0,0,1144220,1683443,0,0,0,0,0,0,0,0,0,0,0,0,0,0,0,94098,0,840,414,0,0,0,11406,60439,8000,2802,0,0,5573,0,54330,0,90,0,0,0,0,5213,196037,439242,0,0,0,0,0,0,0,0,0,0,0,0,0,0,0,0,0,0,0,0,0,0,0,0,0,94098,0,840,414,0,0,0,11406,60439,8000,2802,0,0,5573,0,54330,0,90,0,0,0,0,5213,196037,439242,0,3956,0,38789,0,19337,1043094,0,0,1105176,1544418,0,0,0,0,0,0,0,0,0,0,0,0,0,0,0,99249,0,842,25066,0,0,0,7222,53195,35086,715,0,0,11416,0,61230,0,257,0,0,0,0,4933,193144,492354,0,0,0,0,0,0,0,0,0,0,0,0,0,0,0,0,0,0,0,0,0,0,0,0,0,99249,0,842,25066,0,0,0,7222,53195,35086,715,0,0,11416,0,61230,0,257,0,0,0,0,4933,193144,492354,0,3953,0,38746,0,17201,916845,0,0,976746,1469100
064437,00000,Wellmark Group (G),4730,0,9474,0,0,0,0,0,0,0,3740,3,0,0,0,389960,15000,5720,99828,0,0,0,165882,181992,711,0,0,6721,17053,0,12234,0,6336,0,0,0,0,59907,14722,976066,0,0,0,0,0,0,0,0,0,0,0,0,0,0,0,0,0,0,0,0,0,0,0,0,0,389960,15000,5720,99828,0,0,0,165882,181992,711,0,0,6721,17053,0,12234,0,6336,0,0,0,0,59907,14722,976066,36100,0,0,0,0,0,1285882,0,0,1321982,2298048,2500,0,1979,0,0,0,0,0,0,0,7421,0,0,0,0,357138,9528,5721,94795,0,0,0,162546,163263,7915,564,0,6855,16425,0,26114,0,3364,0,0,0,0,35091,19988,909307,0,0,0,0,0,0,0,0,0,0,0,0,0,0,0,0,0,0,0,0,0,0,0,0,0,357138,9528,5721,94795,0,0,0,162546,163263,7915,564,0,6855,16425,0,26114,0,3364,0,0,0,0,35091,19988,909307,38300,0,0,0,0,0,1321449,0,0,1359749,2269056,0,612,8331,0,0,0,0,0,0,0,7485,0,0,0,0,387460,20341,5862,95546,0,0,0,145438,124390,26229,4524,0,7026,16694,0,9954,1640,12786,0,0,0,0,26371,14786,899049,0,0,0,0,0,0,0,0,0,0,0,0,0,0,0,0,0,0,0,0,0,0,0,0,0,387460,20341,5862,95546,0,0,0,145438,124390,26229,4524,0,7026,16694,0,9954,1640,12786,0,0,0,0,26371,14786,899049,0,0,0,0,0,0,1393818,0,0,1393818,2292867,0,0,2729,0,0,0,0,0,0,0,5803,0,0,0,0,394104,22746,6805,94095,0,0,0,151377,84878,16181,2050,0,8378,4144,0,12825,3967,2058,0,0,0,0,30717,31968,866294,0,0,0,0,0,0,0,0,0,0,0,0,0,0,0,0,0,0,0,0,0,0,0,0,0,394104,22746,6805,94095,0,0,0,151377,84878,16181,2050,0,8378,4144,0,12825,3967,2058,0,0,0,0,30717,31968,866294,0,0,0,0,0,0,1231216,0,0,1231216,2097510
